-- MySQL dump 10.16  Distrib 10.2.13-MariaDB, for debian-linux-gnu (x86_64)
--
-- Host: localhost    Database: holidayh_holiday_db
-- ------------------------------------------------------
-- Server version	10.2.13-MariaDB-10.2.13+maria~xenial-log

/*!40101 SET @OLD_CHARACTER_SET_CLIENT=@@CHARACTER_SET_CLIENT */;
/*!40101 SET @OLD_CHARACTER_SET_RESULTS=@@CHARACTER_SET_RESULTS */;
/*!40101 SET @OLD_COLLATION_CONNECTION=@@COLLATION_CONNECTION */;
/*!40101 SET NAMES utf8 */;
/*!40103 SET @OLD_TIME_ZONE=@@TIME_ZONE */;
/*!40103 SET TIME_ZONE='+00:00' */;
/*!40014 SET @OLD_UNIQUE_CHECKS=@@UNIQUE_CHECKS, UNIQUE_CHECKS=0 */;
/*!40014 SET @OLD_FOREIGN_KEY_CHECKS=@@FOREIGN_KEY_CHECKS, FOREIGN_KEY_CHECKS=0 */;
/*!40101 SET @OLD_SQL_MODE=@@SQL_MODE, SQL_MODE='NO_AUTO_VALUE_ON_ZERO' */;
/*!40111 SET @OLD_SQL_NOTES=@@SQL_NOTES, SQL_NOTES=0 */;

--
-- Table structure for table `tbl_activities`
--

DROP TABLE IF EXISTS `tbl_activities`;
/*!40101 SET @saved_cs_client     = @@character_set_client */;
/*!40101 SET character_set_client = utf8 */;
CREATE TABLE `tbl_activities` (
  `id` int(11) NOT NULL AUTO_INCREMENT,
  `name` text NOT NULL,
  `descr` text DEFAULT NULL,
  `img` varchar(2000) NOT NULL,
  `banner` varchar(2000) NOT NULL,
  `detail_img` varchar(2000) NOT NULL,
  `detail_name` varchar(2000) NOT NULL,
  `detail_descr1` text NOT NULL,
  `detail_descr2` text NOT NULL,
  `node_order` int(11) NOT NULL,
  `pg_title` text DEFAULT NULL,
  `pg_desc` text DEFAULT NULL,
  `display_home` int(11) NOT NULL DEFAULT 1,
  PRIMARY KEY (`id`)
) ENGINE=InnoDB AUTO_INCREMENT=20 DEFAULT CHARSET=latin1;
/*!40101 SET character_set_client = @saved_cs_client */;

--
-- Dumping data for table `tbl_activities`
--

LOCK TABLES `tbl_activities` WRITE;
/*!40000 ALTER TABLE `tbl_activities` DISABLE KEYS */;
INSERT INTO `tbl_activities` VALUES (5,'Trekking','Beautiful View Comes After the Hardest Climbs','http://holidayhawks.in/uploads/Adventure tours banner-min.jpg','http://holidayhawks.in/uploads/dtl-bnr.jpg','http://holidayhawks.in/uploads/73.jpg','Popular Trekking  Destinations In India','Climb the mountains, embrace the challenge, feel the fresh air and behold the view. Trek through the valleys, slog through the lush grass and rich soil, learn and explore. Pick from the hand curated trekking trials for an opulent outdoor experience.','The frozen lake treks to the desert crossing expeditions, and the awe inspiring valleys of northeast to the impenetrable forests of Western Ghats, India is an abode for trekking freaks.',1,'','',1),(6,'Kayaking','Experience the calmness of Shallow Water','http://holidayhawks.in/uploads/kayak-984566_19201.jpg','http://holidayhawks.in/uploads/boats-canoe-group-696039.jpg','http://holidayhawks.in/uploads/HAWK (7).jpg','Popular Kayaking Points In India','Paddle and explore the deep blue waters in the best way possible. Experience the great water from a different perspective and fed its heartbeat when rowing on a kayak through the marine. Take your paddles, row through the picturesque natural beauty, and inspire others.','Water your adventure spirits and paddle your way to great endless fun in the great waters of India. Find yourself under a fresh canopy, gliding over a fish, sun kissed, all in a place of natural beauty.',2,'hhh','sss',1),(7,'Paragliding','Explore the Sykes ','http://holidayhawks.in/uploads/paragliding-3692079_19201.jpg','http://holidayhawks.in/uploads/para1.jpg','http://holidayhawks.in/uploads/75.jpg','Major Paragliding Points In India','Fly above the clouds and fulfill that old childhood dream of flying free like an eagle. Flying high is everyone’s dream and it was our childhood fantasy to fly above the clouds like an eagle. Fulfill this dream in a spine-chilling adventure which is one of the most popular air adventure on this planet. Fasten your straps and scream loud where the misty clouds will embrace you.','Our country, known for its mighty mountain ranges is an abode for the high flyers. Ranging from the great Himalayas to the Western Ghats, it hosts many such destinations which offers great flying experiences for those who have a love for the clouds. Find out here which sky you want to explore.',3,'ffff','ss',1),(9,'White Water Rafting','Raft through the wilderness of water','http://holidayhawks.in/uploads/river-rafting-960158_1920.jpg','http://holidayhawks.in/uploads/rafting-2033494_19201.jpg','http://holidayhawks.in/uploads/45.jpg','Popular White Water Rafting Points In India','The actively flowing river, the sudden flash of the chilled waters, and the extreme rush of adventure, what else you need to paddle down the quick rapidness of our country which gifts us one of the best experiences of as lifetime. Discover the white water rafting in and across the country in its wild waters.','There is very few destinations where the real and original white water rafting can be done. But when its done the amount of adrenaline it pumps out is exorbitant. Every waters behave way different than other and that itself is the beauty of rafting in the country’s wildly white waters.',5,'dd','dd',1),(16,'Biking','Experience the biking','http://holidayhawks.in/uploads/HAWK (5)3.jpg','http://holidayhawks.in/uploads/HAWK (2).jpg','http://holidayhawks.in/uploads/57.jpg','Popular Biking Points in India','Test','Testing',6,'','',1),(17,'Bungee Jumping','Bungee Jumping','http://holidayhawks.in/uploads/bridge-664131_19202.jpg','http://holidayhawks.in/uploads/bungee-436750_1920.jpg','http://holidayhawks.in/uploads/25.jpg','Popular Bungee Jumps Over India','tt','ff',7,'d','h',1),(18,'Skiing   ','Skiing in the glacial mountains ','http://holidayhawks.in/uploads/mountaineerz-1143556_1920.jpg','http://holidayhawks.in/uploads/trekking-1742821_19201.jpg','http://holidayhawks.in/uploads/28.jpg','test','test','test',8,'m','jn',1),(19,'Scuba Diviing','Explore the Seabed !!','http://holidayhawks.in/uploads/diving-813028_1920.jpg','http://holidayhawks.in/uploads/divers-681516_1920.jpg','http://holidayhawks.in/uploads/diver-664654_1920.jpg','Popular Scuba Diving Points In India','Plunge into the ocean and discover the surprising marine life. These handpicked scuba diving tours let you explore country’s best oceans in its depth. Wear the mask, take a deep breath and dive! Swim underwater along the wonderful creations underwater.','The ocean is always beautiful, mysterious, wild and free. These popular destinations are the best kept secrets of the water. Dive deep in, try caressing a fish, get amazed by the colors underwater and thus, explore it in a whole. ',9,'f','f',1);
/*!40000 ALTER TABLE `tbl_activities` ENABLE KEYS */;
UNLOCK TABLES;

--
-- Table structure for table `tbl_activities_about`
--

DROP TABLE IF EXISTS `tbl_activities_about`;
/*!40101 SET @saved_cs_client     = @@character_set_client */;
/*!40101 SET character_set_client = utf8 */;
CREATE TABLE `tbl_activities_about` (
  `act_id` int(11) DEFAULT NULL,
  `act_cat_id` int(11) DEFAULT NULL,
  `about` text DEFAULT NULL
) ENGINE=InnoDB DEFAULT CHARSET=latin1;
/*!40101 SET character_set_client = @saved_cs_client */;

--
-- Dumping data for table `tbl_activities_about`
--

LOCK TABLES `tbl_activities_about` WRITE;
/*!40000 ALTER TABLE `tbl_activities_about` DISABLE KEYS */;
INSERT INTO `tbl_activities_about` VALUES (2,5,'<p>hgjghj gjgh jghj</p>\n'),(3,7,'<p><strong>Paragliding</strong><span style=\"color:rgb(34, 34, 34); font-family:arial,sans-serif; font-size:16px\">&nbsp;is the recreational and competitive adventure sport of flying&nbsp;</span><strong>paragliders</strong><span style=\"color:rgb(34, 34, 34); font-family:arial,sans-serif; font-size:16px\">: lightweight, free-flying, foot-launched glider aircraft with no rigid primary structure. The pilot sits in a harness suspended below a fabric wing.</span></p>\n'),(4,17,'<p>This being India&rsquo;s highest and most daring jumps, is a dream adventure of all those who love to experience the thrilling rush of adrenaline. Bungee jumping is an extreme adventure sport which let you fall free from an erected platform much above from the ground where you will be attached to an elastic chord.</p>\n'),(5,9,'<p>Rishikesh is the place where we experience another face of river Ganges. With a large concentration of class 3 and class 4 rapids, this is n absolute rafting destination. Having these rapids along 40 km stretch, this place offers a mind blowing rafting experience.</p>\n'),(6,6,'<p>Kayaking<span style=\"font-family:sans-serif; font-size:14px\">&nbsp;is the use of a kayak&nbsp;</span><span style=\"font-family:sans-serif; font-size:14px\">for moving across water.A kayak is a low-to-the-water, canoe-like boat in which the paddler sits facing forward, legs in front, using a double-bladed paddle to pull front-to-back on one side and then the other in rotation.</span></p>\n'),(7,19,'<p>Scuba stands for Self Contained Underwater Breathing Apparatus. While scuba diving has been popular among a large number of people abroad, the idea is rather new for many Indian.</p>\n\n<p>Scuba diving is safe..the gear, that weighs almost 14kgs ensures that no matter what happens, you will be safe. Once you are in the water, the 14kgs is reduced to mere &quot;Weightlessness&quot; due to the law of physics.</p>\n'),(1,5,'<p>Meesapulimala Peak trek is a trek through lush green valleys, hundreds of blooming Rhododendrons, charming tea estates, gurgling brooks &ndash; peace is easy to find in the idyllic surroundings of Meesapulimala. Located at a significant altitude of 8,661 feet in the Idukki district of Kerala, Meesapulimala is a trek through eight hills, passing through the shared border of Tamil Nadu and Kerala.</p>\n\n<p>This 8 km trek from Rhodovalley takes you through high altitude grasslands, rainforests and wildlife. The&nbsp;Meesapulima Peak is called so because it apparently resembles a tiger&rsquo;s face, although you&rsquo;re not likely to spot any tiger here. &ldquo;Meesa,&rdquo; means moustache, &ldquo;puli,&rdquo; means tiger and &ldquo;mala,&rdquo; means hill. Hence, it is from this that the peak gets its name from and this is why it is called so.</p>\n\n<p>This is just a day&rsquo;s trek and hence trekkers of any age can go for this trek. There are plenty&nbsp;scenic spot in this trek that trekkers can enjoy and capture. It is a easy to moderate trek and therefore can be completed without any hindrances.(Author: Usha Hariprasad)</p>\n');
/*!40000 ALTER TABLE `tbl_activities_about` ENABLE KEYS */;
UNLOCK TABLES;

--
-- Table structure for table `tbl_activities_about_images`
--

DROP TABLE IF EXISTS `tbl_activities_about_images`;
/*!40101 SET @saved_cs_client     = @@character_set_client */;
/*!40101 SET character_set_client = utf8 */;
CREATE TABLE `tbl_activities_about_images` (
  `id` int(11) NOT NULL AUTO_INCREMENT,
  `act_id` int(11) NOT NULL,
  `act_cat_id` int(11) NOT NULL,
  `image` varchar(2000) NOT NULL,
  PRIMARY KEY (`id`)
) ENGINE=InnoDB AUTO_INCREMENT=21 DEFAULT CHARSET=latin1;
/*!40101 SET character_set_client = @saved_cs_client */;

--
-- Dumping data for table `tbl_activities_about_images`
--

LOCK TABLES `tbl_activities_about_images` WRITE;
/*!40000 ALTER TABLE `tbl_activities_about_images` DISABLE KEYS */;
INSERT INTO `tbl_activities_about_images` VALUES (4,2,5,'http://holidayhawks.in/uploads/cc59d519fbf40a3da8b0ffa032ae94544.jpg'),(5,2,5,'http://holidayhawks.in/uploads/Neelakurinjikhidmatourism2.jpg'),(6,2,5,'http://holidayhawks.in/uploads/Neelakurinji-flowers-Munnar-kerala-keralatrips5.jpg'),(7,0,0,'http://holidayhawks.in/uploads'),(8,3,7,'http://holidayhawks.in/uploads/para12.jpg'),(9,3,7,'http://holidayhawks.in/uploads/Idukki-Wagamon-paragliding-3-Photo-Kerala-Tourism-1024x6812.jpg'),(10,4,17,'http://holidayhawks.in/uploads/bridge-664131_19203.jpg'),(11,4,17,'http://holidayhawks.in/uploads/bungee-436750_19203.jpg'),(12,5,9,'http://holidayhawks.in/uploads/river-rafting-960158_19204.jpg'),(13,5,9,'http://holidayhawks.in/uploads/rafting-2033494_19203.jpg'),(14,1,5,'http://holidayhawks.in/uploads/1200px-Meeahapullimala1.jpg'),(15,1,5,'http://holidayhawks.in/uploads/l5elnomqhnl341tgudvs1.jpg'),(16,6,6,'http://holidayhawks.in/uploads/WhatsApp Image 2018-09-12 at 10.31.33 PM.jpeg'),(17,6,6,'http://holidayhawks.in/uploads/kayak.jpg'),(18,7,19,'http://holidayhawks.in/uploads/diver-664654_19202.jpg'),(19,7,19,'http://holidayhawks.in/uploads/divers-681516_19201.jpg'),(20,7,19,'http://holidayhawks.in/uploads/diving-813028_19201.jpg');
/*!40000 ALTER TABLE `tbl_activities_about_images` ENABLE KEYS */;
UNLOCK TABLES;

--
-- Table structure for table `tbl_activities_avail`
--

DROP TABLE IF EXISTS `tbl_activities_avail`;
/*!40101 SET @saved_cs_client     = @@character_set_client */;
/*!40101 SET character_set_client = utf8 */;
CREATE TABLE `tbl_activities_avail` (
  `act_id` int(11) NOT NULL,
  `act_cat_id` int(11) NOT NULL,
  `avail` text NOT NULL
) ENGINE=InnoDB DEFAULT CHARSET=latin1;
/*!40101 SET character_set_client = @saved_cs_client */;

--
-- Dumping data for table `tbl_activities_avail`
--

LOCK TABLES `tbl_activities_avail` WRITE;
/*!40000 ALTER TABLE `tbl_activities_avail` DISABLE KEYS */;
INSERT INTO `tbl_activities_avail` VALUES (0,0,'0'),(2,5,'<p>fdgd gdf gdfgdfgdfg dfgdf gdfg</p>\n'),(4,17,'<ul>\n	<li>1 jump</li>\n	<li>1 bottle water</li>\n</ul>\n'),(5,9,'<ul>\n	<li>Rafting boat</li>\n	<li>Llife jacket</li>\n	<li>Helmets</li>\n	<li>Guidance of an experienced professional</li>\n</ul>\n'),(1,5,'<ul>\n	<li><span style=\"font-size:14px\">Refreshments</span></li>\n	<li><span style=\"font-size:14px\">Entry Pass&nbsp;</span></li>\n	<li><span style=\"font-size:14px\">Guide</span></li>\n</ul>\n'),(6,6,'<ul>\n	<li>Instructors</li>\n	<li>Gears&nbsp;</li>\n	<li>Kayak</li>\n</ul>\n'),(7,19,'<ul>\n	<li>&nbsp;&nbsp;TRAINING COURSE - plenty of space for training with TV monitors</li>\n	<li>&nbsp;&nbsp;&nbsp;WLAN - Internet for free</li>\n	<li>&nbsp;&nbsp;&nbsp;DIVE SITE MAP - elaborately researched dive site map</li>\n	<li>&nbsp;&nbsp;GENEROUS ROOM DESIGN - plenty of space to get dressed</li>\n	<li>&nbsp;&nbsp;&nbsp;LOCKERS FOR EVERYONE - Guest lockers with integrated sockets for recharging&nbsp; &nbsp; &nbsp; &nbsp;mobile phones, torches, etc.</li>\n	<li>&nbsp;&nbsp;&nbsp;PICK UP SERVICE - free pick-up and drop in air-conditioned vehicles</li>\n	<li>&nbsp;&nbsp;&nbsp;PROFESSIONAL TEAM - professional friendly team</li>\n	<li>&nbsp;&nbsp;&nbsp;TOP BATHS - latest sanitary facilities</li>\n</ul>\n');
/*!40000 ALTER TABLE `tbl_activities_avail` ENABLE KEYS */;
UNLOCK TABLES;

--
-- Table structure for table `tbl_activities_detail`
--

DROP TABLE IF EXISTS `tbl_activities_detail`;
/*!40101 SET @saved_cs_client     = @@character_set_client */;
/*!40101 SET character_set_client = utf8 */;
CREATE TABLE `tbl_activities_detail` (
  `id` int(11) NOT NULL AUTO_INCREMENT,
  `act_cat_id` int(11) DEFAULT NULL,
  `destination_id` int(11) DEFAULT NULL,
  `hand_picked_pkg` int(11) NOT NULL DEFAULT 0,
  `title` varchar(500) DEFAULT NULL,
  `pg_title` text DEFAULT NULL,
  `pg_desc` text DEFAULT NULL,
  `descr` text DEFAULT NULL,
  `price` float DEFAULT NULL,
  `cover_img` varchar(2000) DEFAULT NULL,
  `banner_img` varchar(2000) DEFAULT NULL,
  `suitable_for` varchar(500) DEFAULT NULL,
  `category` varchar(500) DEFAULT NULL,
  `trial_type` varchar(500) DEFAULT NULL,
  `duration` varchar(500) DEFAULT NULL,
  `min_age` varchar(500) DEFAULT NULL,
  `created_date` datetime NOT NULL,
  `node_order` int(11) NOT NULL,
  PRIMARY KEY (`id`)
) ENGINE=InnoDB AUTO_INCREMENT=8 DEFAULT CHARSET=latin1;
/*!40101 SET character_set_client = @saved_cs_client */;

--
-- Dumping data for table `tbl_activities_detail`
--

LOCK TABLES `tbl_activities_detail` WRITE;
/*!40000 ALTER TABLE `tbl_activities_detail` DISABLE KEYS */;
INSERT INTO `tbl_activities_detail` VALUES (1,5,9,0,'Meeshapulimala trekking','Meeshapulimala Trek','Meeshapulimala Trek','Trek to the second highest peak of western ghats in Idukki',3000,'http://holidayhawks.in/uploads/1200px-Meeahapullimala.jpg','http://holidayhawks.in/uploads/l5elnomqhnl341tgudvs.jpg','Young Adults','Adventure','Medium ','5 - 7 Hours','18','2018-09-16 14:33:20',1),(4,17,29,0,'Bungee Jumping','d','d','Experience the Adrenaline Rush..!',3500,'http://holidayhawks.in/uploads/action-adrenaline-adult-1486036.jpg','http://holidayhawks.in/uploads/bungee-436750_19202.jpg','Young Adults','Adventure','Short','2 Hours','18','2018-11-26 13:32:35',4),(5,9,29,0,'Rishikesh White Water Rafting','h','j','Experience the Wilderness of Water',4000,'http://holidayhawks.in/uploads/river-rafting-960158_19203.jpg','http://holidayhawks.in/uploads/rafting-2033494_19202.jpg','Young Adults','Adventure','Medium ','1 hrs','15','2018-12-12 07:52:42',5),(6,6,9,0,'Munnar Kayaking','Munnar Kayaking','Munnar Kayaking','Kayaking in the sprawling waters of Munnar',800,'http://holidayhawks.in/uploads/WhatsApp Image 2018-09-12 at 10.31.43 PM.jpeg','http://holidayhawks.in/uploads/WhatsApp Image 2018-09-12 at 10.31.38 PM.jpeg','All','Adventure','Short','20 Min','15','2018-12-31 06:39:18',6),(7,19,31,0,'Scuba Diving Kovalam','scuba','scuba','Dive to the treasures of underwater ',5500,'http://holidayhawks.in/uploads/animal-aquatic-biology-1312067.jpg','http://holidayhawks.in/uploads/diver-664654_19201.jpg','All','Adventure','Medium ','1','NA','2018-12-31 07:49:20',7);
/*!40000 ALTER TABLE `tbl_activities_detail` ENABLE KEYS */;
UNLOCK TABLES;

--
-- Table structure for table `tbl_activities_gallery`
--

DROP TABLE IF EXISTS `tbl_activities_gallery`;
/*!40101 SET @saved_cs_client     = @@character_set_client */;
/*!40101 SET character_set_client = utf8 */;
CREATE TABLE `tbl_activities_gallery` (
  `id` int(11) NOT NULL AUTO_INCREMENT,
  `act_id` int(11) NOT NULL,
  `act_cat_id` int(11) NOT NULL,
  `file` varchar(2000) NOT NULL,
  `file_type` varchar(50) NOT NULL,
  `status` int(11) NOT NULL,
  PRIMARY KEY (`id`)
) ENGINE=InnoDB AUTO_INCREMENT=28 DEFAULT CHARSET=latin1;
/*!40101 SET character_set_client = @saved_cs_client */;

--
-- Dumping data for table `tbl_activities_gallery`
--

LOCK TABLES `tbl_activities_gallery` WRITE;
/*!40000 ALTER TABLE `tbl_activities_gallery` DISABLE KEYS */;
INSERT INTO `tbl_activities_gallery` VALUES (1,0,0,'http://holidayhawks.in/uploads','image',0),(10,2,5,'http://holidayhawks.in/uploads/cc59d519fbf40a3da8b0ffa032ae94545.jpg','image',1),(11,2,5,'http://holidayhawks.in/uploads/Neelakurinjikhidmatourism3.jpg','image',1),(12,2,5,'http://holidayhawks.in/uploads/Neelakurinji-flowers-Munnar-kerala-keralatrips6.jpg','image',1),(13,3,7,'http://holidayhawks.in/uploads/para13.jpg','image',1),(14,3,7,'http://holidayhawks.in/uploads/Idukki-Wagamon-paragliding-3-Photo-Kerala-Tourism-1024x6813.jpg','image',1),(15,4,17,'http://holidayhawks.in/uploads/bridge-664131_19204.jpg','image',1),(16,4,17,'http://holidayhawks.in/uploads/bungee-436750_19204.jpg','image',1),(17,5,9,'http://holidayhawks.in/uploads/rafting-2033494_19204.jpg','image',1),(18,5,9,'http://holidayhawks.in/uploads/river-rafting-960158_19205.jpg','image',1),(19,1,5,'http://holidayhawks.in/uploads/l5elnomqhnl341tgudvs2.jpg','image',1),(20,1,5,'http://holidayhawks.in/uploads/1200px-Meeahapullimala2.jpg','image',1),(21,1,5,'http://holidayhawks.in/uploads/nature-3125452_19203.jpg','image',1),(22,6,6,'http://holidayhawks.in/uploads/kayak1.jpg','image',1),(23,6,6,'http://holidayhawks.in/uploads/WhatsApp Image 2018-09-12 at 105.jpeg','image',1),(24,6,6,'http://holidayhawks.in/uploads/WhatsApp Image 2018-09-12 at 106.jpeg','image',1),(25,7,19,'http://holidayhawks.in/uploads/diving-813028_19202.jpg','image',1),(26,7,19,'http://holidayhawks.in/uploads/corals-divers-diving-37542.jpg','image',1),(27,7,19,'http://holidayhawks.in/uploads/anemone-aquarium-aquatic-1125979.jpg','image',1);
/*!40000 ALTER TABLE `tbl_activities_gallery` ENABLE KEYS */;
UNLOCK TABLES;

--
-- Table structure for table `tbl_activities_info`
--

DROP TABLE IF EXISTS `tbl_activities_info`;
/*!40101 SET @saved_cs_client     = @@character_set_client */;
/*!40101 SET character_set_client = utf8 */;
CREATE TABLE `tbl_activities_info` (
  `act_id` int(11) NOT NULL,
  `act_cat_id` int(11) NOT NULL,
  `title` varchar(2000) DEFAULT NULL,
  `descr` text DEFAULT NULL
) ENGINE=InnoDB DEFAULT CHARSET=latin1;
/*!40101 SET character_set_client = @saved_cs_client */;

--
-- Dumping data for table `tbl_activities_info`
--

LOCK TABLES `tbl_activities_info` WRITE;
/*!40000 ALTER TABLE `tbl_activities_info` DISABLE KEYS */;
INSERT INTO `tbl_activities_info` VALUES (2,5,'dfgdfgdfg','<p>dfgdfg</p>\n'),(2,5,'dfgdfg','<p>dfgdfgdfg</p>\n'),(2,5,'dfgdfg','<p>dfgdfgdfgdfg</p>\n'),(3,7,'General Information','<p><strong>Paragliding</strong><span style=\"color:rgb(34, 34, 34); font-family:arial,sans-serif; font-size:16px\">&nbsp;is the recreational and competitive adventure sport of flying&nbsp;</span><strong>paragliders</strong><span style=\"color:rgb(34, 34, 34); font-family:arial,sans-serif; font-size:16px\">: lightweight, free-flying, foot-launched glider aircraft with no rigid primary structure. The pilot sits in a harness suspended below a fabric wing.</span></p>\n'),(4,17,'Advisory','<ul>\n	<li>Avoid gadgets and valuables while jumping</li>\n	<li>Be in loose fitting clothes</li>\n</ul>\n'),(4,17,'Availability','<ul>\n	<li>All through out the year&nbsp;</li>\n	<li>Every day from 10 Am&nbsp; except Tuesdays&nbsp;</li>\n</ul>\n'),(4,17,'Terms & Conditions',''),(4,17,'Cancellation Policy',''),(5,9,'Advisory','<ul>\n	<li>Do not carry any electronic accessories which may get damaged by water</li>\n	<li>Do not carry any valuables.</li>\n</ul>\n'),(5,9,'Availability','<p>Throughout the year except monsoon</p>\n'),(5,9,'Terms & Conditions',''),(5,9,'Cancellation Policy',''),(6,6,'Advisory','<p>Will Update Soon</p>\n'),(6,6,'Availability',''),(6,6,'Terms & Conditions',''),(6,6,'Cancellation Policy',''),(7,19,'Advisory','<p>Will Update soon</p>\n'),(7,19,'Availability',''),(7,19,'Terms & Conditions',''),(7,19,'Cancellation Policy',''),(1,5,'Advisory','<p>willupdate soon..</p>\n'),(1,5,'Availability',''),(1,5,'Terms & Conditions',''),(1,5,'Cancellation Policy','');
/*!40000 ALTER TABLE `tbl_activities_info` ENABLE KEYS */;
UNLOCK TABLES;

--
-- Table structure for table `tbl_activities_things`
--

DROP TABLE IF EXISTS `tbl_activities_things`;
/*!40101 SET @saved_cs_client     = @@character_set_client */;
/*!40101 SET character_set_client = utf8 */;
CREATE TABLE `tbl_activities_things` (
  `act_id` int(11) NOT NULL,
  `act_cat_id` int(11) NOT NULL,
  `things` text NOT NULL
) ENGINE=InnoDB DEFAULT CHARSET=latin1;
/*!40101 SET character_set_client = @saved_cs_client */;

--
-- Dumping data for table `tbl_activities_things`
--

LOCK TABLES `tbl_activities_things` WRITE;
/*!40000 ALTER TABLE `tbl_activities_things` DISABLE KEYS */;
INSERT INTO `tbl_activities_things` VALUES (2,5,'<p>cfbgdf hhgg fhgfh fgh gfhgfh fghfgh</p>\n'),(0,0,'0'),(3,7,'<p><strong>Paragliding</strong><span style=\"color:rgb(34, 34, 34); font-family:arial,sans-serif; font-size:16px\">&nbsp;is the recreational and competitive adventure sport of flying&nbsp;</span><strong>paragliders</strong><span style=\"color:rgb(34, 34, 34); font-family:arial,sans-serif; font-size:16px\">: lightweight, free-flying, foot-launched glider aircraft with no rigid primary structure. The pilot sits in a harness suspended below a fabric wing.</span></p>\n'),(4,17,'<p>sports shoes</p>\n'),(5,9,'<p>Nothing Necessary&nbsp;</p>\n'),(6,6,'<ul>\n	<li>Suns cream</li>\n	<li>Cap</li>\n	<li>Sun Glass</li>\n</ul>\n'),(7,19,'<ul>\n	<li>All essentials are included in the package</li>\n</ul>\n'),(1,5,'<ul>\n	<li>Backpacking Bag</li>\n	<li>Suns cream</li>\n	<li>Cap</li>\n	<li>Water Bottles</li>\n	<li>Sun Glass</li>\n	<li>Trekking Shoes</li>\n</ul>\n');
/*!40000 ALTER TABLE `tbl_activities_things` ENABLE KEYS */;
UNLOCK TABLES;

--
-- Table structure for table `tbl_banner`
--

DROP TABLE IF EXISTS `tbl_banner`;
/*!40101 SET @saved_cs_client     = @@character_set_client */;
/*!40101 SET character_set_client = utf8 */;
CREATE TABLE `tbl_banner` (
  `id` int(11) NOT NULL AUTO_INCREMENT,
  `page_id` int(11) NOT NULL,
  `title` text DEFAULT NULL,
  `subtitle` text DEFAULT NULL,
  `img` varchar(2000) NOT NULL,
  `pg_type` varchar(50) NOT NULL DEFAULT 'page',
  `node_order` int(11) DEFAULT NULL,
  PRIMARY KEY (`id`)
) ENGINE=InnoDB AUTO_INCREMENT=43 DEFAULT CHARSET=latin1;
/*!40101 SET character_set_client = @saved_cs_client */;

--
-- Dumping data for table `tbl_banner`
--

LOCK TABLES `tbl_banner` WRITE;
/*!40000 ALTER TABLE `tbl_banner` DISABLE KEYS */;
INSERT INTO `tbl_banner` VALUES (11,29,'','','http://holidayhawks.in/uploads/Madeira-1920x10801.jpg','page',11),(18,33,NULL,NULL,'http://holidayhawks.in/uploads/main-banner4.jpg','page',13),(22,34,NULL,NULL,'http://holidayhawks.in/uploads/desti1.jpg','page',14),(37,32,NULL,NULL,'http://holidayhawks.in/uploads/treehouse12.jpg','page',15),(38,1,NULL,NULL,'http://holidayhawks.in/uploads/125.jpg','home',1),(39,1,NULL,NULL,'http://holidayhawks.in/uploads/314.jpg','home',2),(40,1,NULL,NULL,'http://holidayhawks.in/uploads/216.jpg','home',3),(41,1,NULL,NULL,'http://holidayhawks.in/uploads/413.jpg','home',4);
/*!40000 ALTER TABLE `tbl_banner` ENABLE KEYS */;
UNLOCK TABLES;

--
-- Table structure for table `tbl_blog`
--

DROP TABLE IF EXISTS `tbl_blog`;
/*!40101 SET @saved_cs_client     = @@character_set_client */;
/*!40101 SET character_set_client = utf8 */;
CREATE TABLE `tbl_blog` (
  `id` int(11) NOT NULL AUTO_INCREMENT,
  `cat_id` int(11) NOT NULL,
  `title` varchar(2000) DEFAULT NULL,
  `subtitle` varchar(2000) DEFAULT NULL,
  `cover_img` varchar(2000) DEFAULT NULL,
  `banner_img` varchar(2000) DEFAULT NULL,
  `descr` text DEFAULT NULL,
  `page_title` varchar(2000) NOT NULL,
  `page_desc` varchar(2000) NOT NULL,
  `node_order` int(11) DEFAULT NULL,
  PRIMARY KEY (`id`)
) ENGINE=InnoDB AUTO_INCREMENT=22 DEFAULT CHARSET=latin1;
/*!40101 SET character_set_client = @saved_cs_client */;

--
-- Dumping data for table `tbl_blog`
--

LOCK TABLES `tbl_blog` WRITE;
/*!40000 ALTER TABLE `tbl_blog` DISABLE KEYS */;
INSERT INTO `tbl_blog` VALUES (19,9,'Neelakurinji','The Duodecennial Marvel','http://holidayhawks.in/uploads/_650x_20171012190448235.jpg','http://holidayhawks.in/uploads/Neelakurinjikhidmatourism.com-2.jpg','<p>The lush purplish blue shades over the Munnar&rsquo;s angelic mountains can only be seen once in a prolonged period of 12 years. It is the heavenly &lsquo;Neelakurinji&rsquo; flowers which are a visual and sensual treat to watch.</p>\n\n<p>The view of the hills dressed in bluish purple is an optical allure. Its scientific name is &lsquo;strobilanthes kunthianus&rsquo; a shrub which is mainly found in the shola forest of Western Ghats. Nilgiri hills itself got the name from this flower. It usually grows 30cm to 60cm high. The genus has 250 species out of which 46 are found in India.</p>\n\n<p><img alt=\"Munnar Neelakurinji Garden\" src=\"http://holidayhawks.in/uploads/neelakurinji-03-L.jpg\" /></p>\n\n<p>The last bloom of Kurinji took place in 2006 and the next bloom will be in 2030. The blooming season will start from end July till November. The likes of August and September are the peak season. There will be a huge inflow of visitors to witness this natural wonder during the season. So, if you love the crowd, plan a visit in the peaks season itself and if you are someone who wish to stay away from the masses, arrange an early visit. Either way, book your trip in much advance since the tourist inflow will be an all-time high this season.</p>\n\n<p><img alt=\"Close View Of Neelakurinji\" src=\"http://holidayhawks.in/uploads/neelakurinji-04-L.jpg\" /></p>\n\n<p><strong>How is it unique?&nbsp;</strong>&nbsp;&nbsp;&nbsp;&nbsp;&nbsp;&nbsp;&nbsp;&nbsp;&nbsp;&nbsp;&nbsp;&nbsp;&nbsp;&nbsp;&nbsp;&nbsp;&nbsp;&nbsp;&nbsp;&nbsp;&nbsp;</p>\n\n<p>The blooming interval of Neelakurinji itself is a &nbsp;uniqueness. There is not much flowers on the earth which blooms every 12 years. Out of those 46 species found in India, this specific species is native to the Nilgiri hills. All these years this flowers stay calm and once it blooms, it grabs the spotlight. The scientific name, &lsquo;strobilanthes kunthianus&rsquo; is derived from the river Kunthi, which nourishes the valleys here. &nbsp;The nectar of this flower is very special for its taste and for the nutritional value. There will be huge incoming of bees to the hills during this time, but are never found to be dangerous. Another interesting fact is that the &lsquo;Paliyan&rsquo; tribe uses these flowers as reference to calculate their ages.</p>\n\n<p><strong>What else is unique??</strong></p>\n\n<p><img alt=\"Other Sites Of Munar - Holidayhawks\" src=\"http://holidayhawks.in/uploads/rajamala1.jpg\" /></p>\n\n<p><strong>The Nilgiri tahr</strong>, an endangered wild goat is endemic to the hills here. The Eravikulam National Park, which is the home to Neelakurinji, hosts the largest population of Neelgiri tahr in the world.&nbsp; Nilgiri Tahr is closely related to the Himalayan Tahr (Hemitragus jemlahicus C.H Smith, 1826) which occurs along the southern flanks of the Himalayas and the Arabian Tahr, which is found in Oman. They graze most actively during the early morning and the late afternoon. The male of the species is darker and largerr than the female and is famous for their silver saddle-like patch on the back.</p>\n\n<p><strong>Nearby Attractions</strong></p>\n\n<p><strong><img alt=\"Munnar Package - Holidayhawks\" src=\"http://holidayhawks.in/uploads/Lakkam-Waterfalls_munnar3.jpg\" /></strong></p>\n\n<p><strong>Lakkom Waterfalls</strong></p>\n\n<p><strong><img alt=\"Waterfall Munnar - Holidayhawks\" src=\"http://holidayhawks.in/uploads/sandal%20wood%202.jpeg\" /></strong></p>\n\n<p><strong>Marayoor Sandal Forest</strong></p>\n\n<p>&nbsp;</p>\n\n<p>So this season let&rsquo;s not sit back at home and relax, let&rsquo;s get out to witness this heavenly flowers gifting us a grand visual delight.</p>\n\n<p>Book your tours with holidayhawks. Exclusive Neelakurinji special experiential packages from holidayhawks. Lets celebrate this season.</p>\n\n<p><strong>For enquiries contact :</strong></p>\n\n<p><strong>Call 9995414104 / 9995405011</strong></p>\n\n<p><strong>Mail to <a href=\"mailto:hai@holidayhawks.in\">hai@holidayhawks.in</a></strong></p>\n\n<p><strong>www.holidayhawks.in</strong></p>\n','Experience The Neelakurinji Blooming Season At Munnar | Tour Package | Holidayhawks','Experience the beautiful and heart whelming Neelakurinji season at Munnar. Holidayhawks provides best tour and holiday packages to experience the most beautiful site in Kerala. Contact us now to know our exciting packages.',1),(20,7,'Snowy Manali','Experience the Snowy Manali','http://holidayhawks.in/uploads/IN_KTM201308050412 rohtang-L.jpg','http://holidayhawks.in/uploads/Kashmir Banner.jpg','<p>Once upon a time, Manali was a backpacking capital of India. A dirt track from Manali to Kullu was part of the popular hippie trail. Today it is tough to imagine Manali as a backpacker&rsquo;s paradise. It has easily become one of the most popular hill stations in India with tourists thronging to Manali in the height of summer as well as winter.</p>\n\n<p><a href=\"https://photos.sandeepachetan.com/Story-photos/i-6dBQh8W/A\" style=\"box-sizing: inherit; background-color: transparent; color: rgb(238, 119, 0); transition: all 0.1s ease 0s; text-decoration-line: none;\"><img alt=\"Photograph by Chetan Karkhanis\" src=\"https://photos.smugmug.com/Story-photos/i-6dBQh8W/0/53574f7a/L/IN_KTM201308050478-L.jpg\" style=\"border-style:initial; border-width:0px; box-sizing:inherit; height:auto; max-width:100%; vertical-align:top\" /></a></p>\n\n<p>Manali suits the needs of every kind of travel mindset. A family looking for some bonding time, a couple for some peace and quiet, solo travellers for some solitude or a group of friends seeking an adventure.</p>\n\n<p>There are a whole lot things to do in and around Manali</p>\n\n<h2>Visit the Rohtang Pass</h2>\n\n<p><a href=\"https://photos.sandeepachetan.com/Story-photos/i-qDsQp2f/A\" style=\"box-sizing: inherit; background-color: transparent; color: rgb(238, 119, 0); transition: all 0.1s ease 0s; text-decoration-line: none;\"><img alt=\"Rohtang pass - Leh to Manali Journey, India\" src=\"https://photos.smugmug.com/Story-photos/i-qDsQp2f/0/676f284c/L/IN_KTM201308050412%20rohtang-L.jpg\" style=\"border-style:initial; border-width:0px; box-sizing:inherit; height:auto; max-width:100%; vertical-align:top\" /></a></p>\n\n<p>If you are returning from a Ladakh, you would have already crossed this king of the Himalayan passes on the&nbsp;<a href=\"https://sandeepachetan.com/leh-manali-road-trip/\" rel=\"noopener\" style=\"box-sizing: inherit; background-color: transparent; color: rgb(238, 119, 0); transition: all 0.1s ease 0s; text-decoration-line: none;\" target=\"_blank\">journey from Leh to Manali</a>. If not, then reserve a day of your trip to Manali for the Rohtang Pass. Be bowled over by the lush green winding roads that slowly lead to snow. At parts of the Rohtang Pass, the snow never melts. Which means what you see and hold in your hands, could very well be ancient snow. Be a child once again, and let loose as you play in the snow.</p>\n\n<h2>Listen to the Beas sing</h2>\n\n<p><a href=\"https://photos.sandeepachetan.com/Story-photos/i-vmXQBTc/A\" style=\"box-sizing: inherit; background-color: transparent; color: rgb(238, 119, 0); transition: all 0.1s ease 0s; text-decoration-line: none;\"><img alt=\"Photograph by Chetan Karkhanis\" src=\"https://photos.smugmug.com/Story-photos/i-vmXQBTc/0/ca3f3c34/L/IN_MAN201308060516-L.jpg\" style=\"border-style:initial; border-width:0px; box-sizing:inherit; height:auto; max-width:100%; vertical-align:top\" /></a></p>\n\n<p>The river Beas flows through Manali and chances it will dominate the landscape during your stay in Manali. You can enjoy your morning tea perched prettily on the lawns over this river as the gushing river makes music with birdsong.<br />\nEnjoy this blissful time with your family, your partner and just by yourself.<br />\nOpen a book and be lost in it as the mountains lose themselves in the clouds.<br />\nOr pack your bags and head down to the river for some rafting action.</p>\n\n<h2>Pluck your own fruits or understand the fruit market</h2>\n\n<p><a href=\"https://photos.sandeepachetan.com/Story-photos/i-8sBstxs/A\" style=\"box-sizing: inherit; background-color: transparent; color: rgb(238, 119, 0); transition: all 0.1s ease 0s; text-decoration-line: none;\"><img alt=\"Photograph by Chetan Karkhanis\" src=\"https://photos.smugmug.com/Story-photos/i-8sBstxs/0/6a94141d/L/IN_MAN201308060498-L.jpg\" style=\"border-style:initial; border-width:0px; box-sizing:inherit; height:auto; max-width:100%; vertical-align:top\" /></a></p>\n\n<p>Peaches, plums, cherries and litchis all eventually give way to apples &ndash; in every colour you&rsquo;ve imagined apples to be. Which means there&rsquo;s always a fruit waiting for you to be enjoyed in Manali.<br />\nYou can arrange for a visit to the fruit orchard or explore the fruit markets which, in the summer months are busy transporting fruits all across the country.</p>\n\n<p><a href=\"https://photos.sandeepachetan.com/Story-photos/i-P6Tdv4v/A\" style=\"box-sizing: inherit; background-color: transparent; color: rgb(238, 119, 0); transition: all 0.1s ease 0s; text-decoration-line: none;\"><img alt=\"Manali, Himachal Pradesh, India\" src=\"https://photos.smugmug.com/Story-photos/i-P6Tdv4v/0/1b84e0c7/L/IN_MAN201308060546%20crates-L.jpg\" style=\"border-style:initial; border-width:0px; box-sizing:inherit; height:auto; max-width:100%; vertical-align:top\" /></a></p>\n\n<p><a href=\"https://photos.sandeepachetan.com/Story-photos/i-r38krgb/A\" style=\"box-sizing: inherit; background-color: transparent; color: rgb(238, 119, 0); transition: all 0.1s ease 0s; text-decoration-line: none;\"><img alt=\"Apple market - Manali, Himachal Pradesh, India\" src=\"https://photos.smugmug.com/Story-photos/i-r38krgb/0/55c54711/L/IN_MAN201308060510%20apple%20market-L.jpg\" style=\"border-style:initial; border-width:0px; box-sizing:inherit; height:auto; max-width:100%; vertical-align:top\" /></a></p>\n\n<h2>Cleanse yourself in the Himalayan spas</h2>\n\n<p>On the outskirts of Manali are the hot water springs of Vashisht where you can detoxify yourself naturally amidst the pristine forests.</p>\n\n<p><a href=\"https://photos.sandeepachetan.com/Story-photos/i-R463Tj9/A\" style=\"box-sizing: inherit; background-color: transparent; color: rgb(238, 119, 0); transition: all 0.1s ease 0s; text-decoration-line: none;\"><img alt=\"Hot springs at Manikaran, Himachal Pradesh, India\" src=\"https://photos.smugmug.com/Story-photos/i-R463Tj9/0/60775aef/L/IN_MAN201308060536%20hot%20water%20streams-L.jpg\" style=\"border-style:initial; border-width:0px; box-sizing:inherit; height:auto; max-width:100%; vertical-align:top\" /></a></p>\n\n<p>Or, if you want to make a day trip of it, go all the way to Manikaran, a place of religious importance for the Hindus and the Sikhs. You can rejuvenate yourself here in the piping hot medicated waters.</p>\n\n<h2>In fact, make a day trip to the Parvati valley</h2>\n\n<p><a href=\"https://photos.sandeepachetan.com/Story-photos/i-TdWMnSZ/A\" style=\"box-sizing: inherit; background-color: transparent; color: rgb(238, 119, 0); transition: all 0.1s ease 0s; text-decoration-line: none;\"><img alt=\"Photograph by Chetan Karkhanis\" src=\"https://photos.smugmug.com/Story-photos/i-TdWMnSZ/0/d806f81c/L/IN_MAN201308060521-L.jpg\" style=\"border-style:initial; border-width:0px; box-sizing:inherit; height:auto; max-width:100%; vertical-align:top\" /></a></p>\n\n<p>These short touch-and-go trips are not something that we usually recommend. Parvati valley deserves a long trip all for itself. But say, you are returning from a long exhausting trip to Ladakh or Spiti or are just pumped up enough to explore a bit beyond Manali, we say, why not! Go for it.</p>\n\n<p>Start early in the morning from Manali. Make your way through Kullu, Bhuntar and cross over to the Parvati valley.<br />\nThe landscape here is easily capable of making a 3-hour drive into an 8-hour photo-ops filled journey. The road climbs up steadily as you go further into the Parvati valley. Stone houses with flat slate roofs start making an appearance.<br />\nThere are a few tourist hubs here, like Kasol and Malana which also lead to many multi-day Himalayan treks like the Chanderkhani.</p>\n\n<p><a href=\"https://photos.sandeepachetan.com/Story-photos/i-j34jQ6v/A\" style=\"box-sizing: inherit; background-color: transparent; color: rgb(238, 119, 0); transition: all 0.1s ease 0s; text-decoration-line: none;\"><img alt=\"Photograph by Chetan Karkhanis\" src=\"https://photos.smugmug.com/Story-photos/i-j34jQ6v/0/ad3b0f5f/L/IN_MAN201308060564-L.jpg\" style=\"border-style:initial; border-width:0px; box-sizing:inherit; height:auto; max-width:100%; vertical-align:top\" /></a></p>\n\n<p>You can go further ahead to Manikaran or the end of the road at Pulga. Just remember that you have to drive back and driving in the dark might not be advisable. Don&rsquo;t make safety secondary while you are busy having all the fun.</p>\n\n<p><a href=\"https://photos.sandeepachetan.com/Story-photos/i-Dkxzgg5/A\" style=\"box-sizing: inherit; background-color: transparent; color: rgb(238, 119, 0); transition: all 0.1s ease 0s; text-decoration-line: none;\"><img alt=\"Photograph by Chetan Karkhanis\" src=\"https://photos.smugmug.com/Story-photos/i-Dkxzgg5/0/727819e1/L/IN_MAN201308060543-L.jpg\" style=\"border-style:initial; border-width:0px; box-sizing:inherit; height:auto; max-width:100%; vertical-align:top\" /></a></p>\n\n<p>Besides these, make sure you walk up to the Hidimba temple on one of the evenings during your stay in Manali. It&rsquo;s a simple walk through some beautiful forests.<br />\nYou can spend some time in the Solang valley to get that adrenaline going and visit the Naggar palace to satiate the history buff in you.<br />\nThere are a whole lot of&nbsp;<a href=\"http://www.tripshelf.com/india-tour-packages/holidays-in-manali\" rel=\"noopener\" style=\"box-sizing: inherit; background-color: transparent; color: rgb(238, 119, 0); transition: all 0.1s ease 0s; text-decoration-line: none;\" target=\"_blank\">Manali packages</a>&nbsp;that can help you plan your trip perfectly.</p>\n\n<p><a href=\"https://photos.sandeepachetan.com/Story-photos/i-KTdcxCC/A\" style=\"box-sizing: inherit; background-color: transparent; color: rgb(238, 119, 0); transition: all 0.1s ease 0s; text-decoration-line: none;\"><img alt=\"Photograph by Chetan Karkhanis\" src=\"https://photos.smugmug.com/Story-photos/i-KTdcxCC/0/edd1cac5/L/IN_MTC201308070593-L.jpg\" style=\"border-style:initial; border-width:0px; box-sizing:inherit; height:auto; max-width:100%; vertical-align:top\" /></a></p>\n\n<p>Beyond all of this, don&rsquo;t forget to be an explorer in Manali. Look beyond the obvious. You will find numerous trails all around Manali and if any looks inviting, just ask any local about it. Find where it leads to, how easy or difficult it is. And armed with this information, just follow your heart.</p>\n','d','ee',2),(21,3,'Bungee Jumping Places in India','Major Bungee points in India','http://holidayhawks.in/uploads/bridge-664131_19205.jpg','http://holidayhawks.in/uploads/Adv3.jpg','<p>Are you an adrenaline junkie who is always hunting for adventure activities in India? No need to worry, because India has been catching up fast on the adventure tourism front, and is very much equipped for at least one adventure sport. It&#39;s bungee jumping. We have listed around five most famous destinations where you can go for it.</p>\n\n<p><strong>Rishikesh</strong></p>\n\n<div>Rishikesh has the highest bungee jumping spot in India, and is the only destination with a fixed platform to dive from.</div>\n\n<p><strong>Location :</strong>&nbsp;Jumping Heights, located in Mohan Chatti village, Rishikesh.<br />\n<br />\n<strong>Bungee jump height</strong>&nbsp;: 83 m</p>\n\n<p><strong>Minimum age</strong>: 12 years</p>\n\n<p><br />\n<strong>Lonavala</strong></p>\n\n<p>Lonavala is one of the best and safest bungee jumping spots in India. It is also one of the closest spots for the residents of Mumbai and Pune, located exactly halfway between the two.</p>\n\n<p><strong>Location</strong>&nbsp;: Della Adventures, located in Kunegaon, Lonavala.</p>\n\n<p><strong>Bungee jump height</strong>: 45 m</p>\n\n<p><strong>Minimum age</strong>: 10 years</p>\n\n<p><br />\n<strong>Bangalore</strong></p>\n\n<p>This place is for the extreme adventure junkies because it doesn&#39;t have a fixed platform to jump like other destinations. Here, you have to jump a the crane, and most Indians feel that jumping from a crane is riskier as compared to the fixed platforms. That is why, when it comes to the non-fixed bungee jumping in India, Ozone Adventures at Bangalore tops the rating charts.</p>\n\n<p><strong>Location</strong>&nbsp;: Ozone Adventures, located on St. Mark&#39;s Road , Bangalore.</p>\n\n<p><strong>Bungee jump height</strong>: 25 m platform, suspended from a 40 m high crane.</p>\n\n<p><strong>Minimum age</strong>: 18 years</p>\n\n<p><br />\n<strong>Goa</strong><br />\nTravellers looking for some adrenaline rush in Goa, can spend an adventurous day at the Anjuna Beach bungee jumping. Since the jumping platform here is not that high, it can be a good opportunity for the first-timers.</p>\n\n<p><strong>Location:&nbsp;</strong>Gravity Adventure Zone, located on Anjuna Beach, Goa.</p>\n\n<p><strong>Bungee jump height:</strong>&nbsp;25 m</p>\n\n<p><strong>Minimum age:&nbsp;</strong>14 years</p>\n\n<p><br />\n<strong>Jagdalpur</strong><br />\nThis one is situated in Chattisgarh, and is a good place to try bungee jumping. The destination has a lot of other adventure activities to offer as well.&nbsp;</p>\n\n<p><strong>Location :&nbsp;</strong>Jagdalpur, located in Chhattisgarh.</p>\n\n<p><strong>Bungee jump height</strong>&nbsp;: 30 m</p>\n\n<p><strong>Minimum age:</strong>&nbsp;14 years</p>\n','tt','bhh',3);
/*!40000 ALTER TABLE `tbl_blog` ENABLE KEYS */;
UNLOCK TABLES;

--
-- Table structure for table `tbl_blog_category`
--

DROP TABLE IF EXISTS `tbl_blog_category`;
/*!40101 SET @saved_cs_client     = @@character_set_client */;
/*!40101 SET character_set_client = utf8 */;
CREATE TABLE `tbl_blog_category` (
  `id` int(11) NOT NULL AUTO_INCREMENT,
  `name` varchar(500) NOT NULL,
  PRIMARY KEY (`id`)
) ENGINE=InnoDB AUTO_INCREMENT=10 DEFAULT CHARSET=latin1;
/*!40101 SET character_set_client = @saved_cs_client */;

--
-- Dumping data for table `tbl_blog_category`
--

LOCK TABLES `tbl_blog_category` WRITE;
/*!40000 ALTER TABLE `tbl_blog_category` DISABLE KEYS */;
INSERT INTO `tbl_blog_category` VALUES (3,'Adventure Activities'),(5,'New Off Beats In Kerala'),(6,'Experiential Stays'),(7,'Corporate Leisure Tours'),(8,'Day Tours'),(9,'Neelakurinji');
/*!40000 ALTER TABLE `tbl_blog_category` ENABLE KEYS */;
UNLOCK TABLES;

--
-- Table structure for table `tbl_blog_comment`
--

DROP TABLE IF EXISTS `tbl_blog_comment`;
/*!40101 SET @saved_cs_client     = @@character_set_client */;
/*!40101 SET character_set_client = utf8 */;
CREATE TABLE `tbl_blog_comment` (
  `id` int(11) NOT NULL AUTO_INCREMENT,
  `name` varchar(100) NOT NULL,
  `email` varchar(100) NOT NULL,
  `ph` varchar(100) NOT NULL,
  `comment` text NOT NULL,
  `blog_id` int(11) NOT NULL,
  `created_date` varchar(100) NOT NULL,
  `status` int(11) NOT NULL DEFAULT 1,
  PRIMARY KEY (`id`)
) ENGINE=InnoDB AUTO_INCREMENT=5 DEFAULT CHARSET=latin1;
/*!40101 SET character_set_client = @saved_cs_client */;

--
-- Dumping data for table `tbl_blog_comment`
--

LOCK TABLES `tbl_blog_comment` WRITE;
/*!40000 ALTER TABLE `tbl_blog_comment` DISABLE KEYS */;
INSERT INTO `tbl_blog_comment` VALUES (4,'rekha','','','nice...',12,'09.06.2018',1);
/*!40000 ALTER TABLE `tbl_blog_comment` ENABLE KEYS */;
UNLOCK TABLES;

--
-- Table structure for table `tbl_destination`
--

DROP TABLE IF EXISTS `tbl_destination`;
/*!40101 SET @saved_cs_client     = @@character_set_client */;
/*!40101 SET character_set_client = utf8 */;
CREATE TABLE `tbl_destination` (
  `id` int(11) NOT NULL AUTO_INCREMENT,
  `name` varchar(500) DEFAULT NULL,
  `img` varchar(2000) DEFAULT NULL,
  `banner` varchar(2000) NOT NULL,
  `descr` text DEFAULT NULL,
  `pg_title` varchar(2000) NOT NULL,
  `hand_picked_desc` text DEFAULT NULL,
  `exp_desc` text DEFAULT NULL,
  `act_desc` text DEFAULT NULL,
  `pg_desc` varchar(2000) NOT NULL,
  `content` text DEFAULT NULL,
  `display_home` int(11) DEFAULT 1,
  `node_order` int(11) DEFAULT NULL,
  PRIMARY KEY (`id`)
) ENGINE=InnoDB AUTO_INCREMENT=32 DEFAULT CHARSET=latin1;
/*!40101 SET character_set_client = @saved_cs_client */;

--
-- Dumping data for table `tbl_destination`
--

LOCK TABLES `tbl_destination` WRITE;
/*!40000 ALTER TABLE `tbl_destination` DISABLE KEYS */;
INSERT INTO `tbl_destination` VALUES (9,'Munnar','http://holidayhawks.in/uploads/Webp1.jpg','http://holidayhawks.in/uploads/munar.jpg',NULL,'ddd','Even if it is a Leisure , Fun or Adventure plan to Munnar ,feel the comfort of being in a total holiday without any worries and select from our range of hand crafted holiday experiences','Stays in Munnar is as unique as the destination itself.When its the experiential stays, the experience is exponential .Explore the best of the stays here','Munnar is one of the major adventure showcase of Kerala.From light treks to paragliding on the mountain valleys of Munnar, it has a very broad range of activities to choose from.Select.. Book..and Experience something new','ee','Munnar..!! The Kashmir of South India !!',1,2),(10,'Kashmir','http://holidayhawks.in/uploads/Neelum_Valley_Azad_Jammu__Kashmir_Pakistan.jpg','http://holidayhawks.in/uploads/kashmir4.jpg',NULL,'ff','Experience the heaven on earth in all its glory.Explore the nook and corner of Kashmir through our specially designed tours.Lets fall in love once again in the valley of Himalayas,sun kissed peaks,snow filled adventures,monasteries of divine charm.There is a lot irresistible experience here which a true traveler cannot miss.','From the houseboats of the Dal lake to the tented stays in Nubra valley, the collection of stay experience here is mind blowing.Check and explore the one you wish to be in.','The region which is home for great terrains like Zanskar, Nubra, Leh ,Gulmarg  ,Sonmarg,Pahalgam etc. are major activity filled tourism destinations in the country .One who loves to explore the rare has all in it.','ff','Kashmir - The Heaven on Earth',1,3),(11,'Meghalaya','http://holidayhawks.in/uploads/Webp.net-compress-image.jpg','http://holidayhawks.in/uploads/meghalaya.jpg',NULL,'kk','The Gods abode Meghalaya is one of  a must visit destination in India.It hosts a huge concentration of natural beauty coupled with unique experiences.Its cultural rich festivals and mysterious beauty of valleys makes it favorite for an explorer to find his souls.','The region where bed and breakfast establishments shows its dominance. Meghalaya  do have wide range of experiential stays to execute a wanderers plan more fabulous .Explore Gods abodes experiential stays with us.','Meghalaya is not just a wanderers choice ,but a locale for adventure junkies to freak out,  where unique experiences can be explored like caving in Synrang,Dawki river trek etc.Its not onlyjust Godes abode but a haven for adventure enthusiasts. ','ll','Meghalaya - Gods Abode',1,7),(13,'Manali','http://holidayhawks.in/uploads/manali-solang-valley-147549233805-orijgp.jpg','http://holidayhawks.in/uploads/manali6.jpg',NULL,'jj','One of the most traveled destination in the country, nestled in the mighty Himalayas often called as the Valley of Gods . This place is famous for its abundant natural beauty which makes it a dream destination for many travelers.Whether it be the temples, monasteries, nature, weather or the adventure activities, Manali has a lot to offer.','The hospitality of this Himalayan town is jaw dropping. From snow cottages to luxury resorts, Manali has great accommodation facilities which offers sky high standard services.Browse which one would you choose from here..','Manali can be considered as the adventure capital of the country for its variety of activities the destination offer.Activities for the children to spine chilling adventure for the trained adventurers , Manali is an asylum for those who love the rush of adrenaline .','nn','Manali - The valley of Gods !!',1,1),(15,'Alappuzha','http://holidayhawks.in/uploads/Webp5.jpg','http://holidayhawks.in/uploads/alappy2.jpg',NULL,'ss','The world famous backwaters of Kerala is a world in itself. Backwaters, village experiences, farm tours…. A whirlwind of uniquely crafted magnificent natural beauty. Browse through your favorite tours and book the best.','Alleppey, as it is popularly called has myriad options to stay and experience the place at its best. Discover life in the banks of the backwaters and live the unique life which only Alleppey can offer.','Tired by land adventures? What about trying something in the waters? Chose from the number of activities that can be tried n tested in the shallow waters pf Alleppey and trust us, there is a lot to uncover. ','ss','Experience the Venice of East  ',1,5),(16,'Goa','http://holidayhawks.in/uploads/beach-1867137_960_720.jpg','http://holidayhawks.in/uploads/goa4.jpg',NULL,'aa','A blend of Portuguese and Indian influences, Goa is the most energetic tourist destination in the country. Famous for its awe inspiring beaches and the landscape, it is a real gem. Goa is more than perfect to be a beach destination which hosts a whole lot of activities near to its shore. Popular as a hippie destination, the tourist flow to goa is always on the rise due to highly electrifying character it owns.','As one of the top biodiversity hotspots, goa is blessed with immense natural resources and hence stays are as unique as the destination is. Explore stay options varying from shacks to the jungle houses in this divine land.','There is a whole lot of options for a traveler to keep themselves active on their vacations. From forest trials to water adventure, the options are vivid. One will be confused when exploring these activities and forget not, its uniqueness overloaded. ','aa','Goa - The Tourist Paradise !!',NULL,4),(18,'Hyderabad','http://holidayhawks.in/uploads/char.jpg','http://holidayhawks.in/uploads/hyderabad.jpg',NULL,'ss','Test','Keep Testing','Keep testing testing','sss','Experience the city of Pearls',NULL,9),(19,'Wayanad','http://holidayhawks.in/uploads/Wyanad1.jpg','http://holidayhawks.in/uploads/wayanad1.jpg',NULL,'Wayanad','test','Stays in Wayanad is as unique as the destination itself.When its the experiential stays, the experience is exponential .Explore the best of the stays here','test','Wayanad','Experience the Wilderness of Wayanad',1,10),(20,'Thekkady','http://holidayhawks.in/uploads/thekkadyslider.jpg','http://holidayhawks.in/uploads/049130598Thekkady_Main.jpg',NULL,'Thekkady','test','Discover your apt living from our collection of experiential stays across Thekkady is sure to give you a holiday worth remembering.','tst','Thekkady','Thekkady..The Land of Spices',1,8),(22,'Kerala','http://holidayhawks.in/uploads/clouds-cloudy-countryside-236047.jpg','http://holidayhawks.in/uploads/tea-garden-1751083_960_7201.jpg',NULL,'gg','Test','Test','Test','hh','Gods Own Country',NULL,11),(24,'Darjeeling ','http://holidayhawks.in/uploads/darjeeling-197611_960_720.jpg','http://holidayhawks.in/uploads/darjeeling-197611_960_7201.jpg',NULL,'d','Test','Test','Test','d','Darjeeling - Sikkim Experiences',NULL,12),(26,'Kochi','http://holidayhawks.in/uploads/fort-kochi-1483460289.jpg','http://holidayhawks.in/uploads/fort_kochi20131031104449_422_1.jpg',NULL,'Kochi','Test','Discover Experiential Stays, Vacation Rentals, Villas, Homestays,  Offbeat Holiday Cottages and unique heritage stays for family and group from our collection of experiential stays across in Kochi is sure to give you a holiday worth remembering.','test','Kochi','Kochi - Queen of Arabian Sea ',1,6),(27,'Athirappilly ','http://holidayhawks.in/uploads/1200px-Athirapally_Water_falls.jpg','http://holidayhawks.in/uploads/Athirapally.jpg',NULL,'n','Test','test','test','n','Athirappilly - The land of Waterfalls',NULL,13),(28,'Rajasthan','http://holidayhawks.in/uploads/Gadisar-Lake-in-Rajasthan..jpg','http://holidayhawks.in/uploads/travel-to-rajasthan-feature-image_0.jpg',NULL,'nn','Test','tEST','Test','mm','The Land of Royals',NULL,14),(29,'Rishikesh','http://holidayhawks.in/uploads/rafting-687370_1920.jpg','http://holidayhawks.in/uploads/temple-1166023_1920.jpg',NULL,'r','test','test','test','r','Rishikesh - The land of Adventure ',NULL,15),(31,'Trivandrum','http://holidayhawks.in/uploads/How-to-reach-Trivandrum.jpg','http://holidayhawks.in/uploads/The-Leela-Kovalam---Facade.JPG',NULL,'Tvm','','','Discover the wide range of activities that can be explored by any adventure junkies through us.','Tvm','The Capital of Kerala',NULL,16);
/*!40000 ALTER TABLE `tbl_destination` ENABLE KEYS */;
UNLOCK TABLES;

--
-- Table structure for table `tbl_destination_activities`
--

DROP TABLE IF EXISTS `tbl_destination_activities`;
/*!40101 SET @saved_cs_client     = @@character_set_client */;
/*!40101 SET character_set_client = utf8 */;
CREATE TABLE `tbl_destination_activities` (
  `destination_id` int(11) NOT NULL,
  `activities_id` int(11) NOT NULL
) ENGINE=InnoDB DEFAULT CHARSET=latin1;
/*!40101 SET character_set_client = @saved_cs_client */;

--
-- Dumping data for table `tbl_destination_activities`
--

LOCK TABLES `tbl_destination_activities` WRITE;
/*!40000 ALTER TABLE `tbl_destination_activities` DISABLE KEYS */;
INSERT INTO `tbl_destination_activities` VALUES (17,5),(17,6),(23,17),(23,16),(25,16),(15,6),(22,16),(22,6),(22,7),(22,19),(22,5),(29,17),(29,9),(9,16),(9,6),(9,5),(20,5),(19,6),(19,5),(26,16),(26,6),(26,19),(31,19);
/*!40000 ALTER TABLE `tbl_destination_activities` ENABLE KEYS */;
UNLOCK TABLES;

--
-- Table structure for table `tbl_destination_exp_stays`
--

DROP TABLE IF EXISTS `tbl_destination_exp_stays`;
/*!40101 SET @saved_cs_client     = @@character_set_client */;
/*!40101 SET character_set_client = utf8 */;
CREATE TABLE `tbl_destination_exp_stays` (
  `destination_id` int(11) NOT NULL,
  `exp_id` int(11) NOT NULL
) ENGINE=InnoDB DEFAULT CHARSET=latin1;
/*!40101 SET character_set_client = @saved_cs_client */;

--
-- Dumping data for table `tbl_destination_exp_stays`
--

LOCK TABLES `tbl_destination_exp_stays` WRITE;
/*!40000 ALTER TABLE `tbl_destination_exp_stays` DISABLE KEYS */;
INSERT INTO `tbl_destination_exp_stays` VALUES (17,5),(17,4),(23,9),(23,5),(25,5),(14,7),(15,11),(15,10),(22,5),(27,8),(9,5),(9,9),(9,4),(9,6),(9,7),(9,8),(9,3),(9,2),(9,10),(20,5),(20,9),(20,4),(20,7),(20,8),(20,2),(19,5),(19,9),(19,4),(19,6),(19,7),(19,8),(19,3),(19,2),(26,5),(26,6),(26,7),(26,10);
/*!40000 ALTER TABLE `tbl_destination_exp_stays` ENABLE KEYS */;
UNLOCK TABLES;

--
-- Table structure for table `tbl_destination_pkg`
--

DROP TABLE IF EXISTS `tbl_destination_pkg`;
/*!40101 SET @saved_cs_client     = @@character_set_client */;
/*!40101 SET character_set_client = utf8 */;
CREATE TABLE `tbl_destination_pkg` (
  `destination_id` int(11) NOT NULL,
  `pkg_id` int(11) NOT NULL
) ENGINE=InnoDB DEFAULT CHARSET=latin1;
/*!40101 SET character_set_client = @saved_cs_client */;

--
-- Dumping data for table `tbl_destination_pkg`
--

LOCK TABLES `tbl_destination_pkg` WRITE;
/*!40000 ALTER TABLE `tbl_destination_pkg` DISABLE KEYS */;
INSERT INTO `tbl_destination_pkg` VALUES (17,2),(17,3),(23,4),(23,2),(25,2),(12,4),(12,1),(14,4),(15,2),(15,4),(15,3),(15,1),(18,4),(18,1),(22,2),(22,4),(22,3),(22,1),(24,4),(27,2),(27,3),(21,2),(21,4),(21,1),(28,2),(28,4),(28,1),(29,2),(9,2),(9,4),(9,3),(9,1),(16,2),(16,4),(16,1),(20,2),(20,4),(20,3),(20,1),(19,2),(19,4),(19,3),(19,1),(10,2),(10,4),(10,1),(26,2),(26,4),(26,3),(26,1),(13,2),(13,4),(13,1),(11,2),(11,4),(11,1),(31,2),(31,4);
/*!40000 ALTER TABLE `tbl_destination_pkg` ENABLE KEYS */;
UNLOCK TABLES;

--
-- Table structure for table `tbl_exp_stays`
--

DROP TABLE IF EXISTS `tbl_exp_stays`;
/*!40101 SET @saved_cs_client     = @@character_set_client */;
/*!40101 SET character_set_client = utf8 */;
CREATE TABLE `tbl_exp_stays` (
  `id` int(11) NOT NULL AUTO_INCREMENT,
  `name` text NOT NULL,
  `descr` text DEFAULT NULL,
  `img` varchar(2000) NOT NULL,
  `banner` varchar(2000) DEFAULT NULL,
  `detail_img` varchar(2000) DEFAULT NULL,
  `detail_name` varchar(2000) DEFAULT NULL,
  `detail_descr1` text DEFAULT NULL,
  `detail_descr2` text DEFAULT NULL,
  `node_order` int(11) NOT NULL,
  `pg_title` varchar(2000) DEFAULT NULL,
  `pg_desc` varchar(2000) DEFAULT NULL,
  `img_pos` int(11) DEFAULT NULL,
  `display_home` int(11) DEFAULT 1,
  PRIMARY KEY (`id`)
) ENGINE=InnoDB AUTO_INCREMENT=13 DEFAULT CHARSET=latin1;
/*!40101 SET character_set_client = @saved_cs_client */;

--
-- Dumping data for table `tbl_exp_stays`
--

LOCK TABLES `tbl_exp_stays` WRITE;
/*!40000 ALTER TABLE `tbl_exp_stays` DISABLE KEYS */;
INSERT INTO `tbl_exp_stays` VALUES (2,'Tree houses','Experience the woods','http://holidayhawks.in/uploads/tree-min.jpg','http://holidayhawks.in/uploads/main-banner.jpg','http://holidayhawks.in/uploads/50.jpg','Popular Tree House Destinations In India','Ever thought living in a comfort up above from the ground? What about experiencing nature from a different perspective or may be from a birds eye view? Well, that is tree house for you! The very historic way of jungle living is one of current era’s most sought after experience.','Step out and explore the world and live in a perfect blend with nature in these cozy tree houses spread across the country. Perfect tree houses for your perfect holiday experiences.',1,'f','f',1,1),(3,'Tent Camping','Experience the Outdoors..','http://holidayhawks.in/uploads/nature-3125452_19202.jpg','http://holidayhawks.in/uploads/adventure-camp-camping-6995587.jpg','http://holidayhawks.in/uploads/adventure-alps-camp-618848.jpg','Popular Tent Camping Destinations In India','Discovering the unknown by staying outdoors is the new style of exploring the unexplored and the most perfect way is camping. Popular across the globe, it does have a huge fan following in our country too. Who doesn’t want to sit alone in the woods gazing at the stars in the middle of the night. Isn’t it.','Different places, different woods, different ambience, different people, different culture and hence, different experience. We have clubbed in a number of camping destinations across the country and believe, each one will be a new for you.',1,'nbnb','c  ',2,1),(4,'Forest Stays','Stay Wild..Stay Safe..','http://holidayhawks.in/uploads/cabin-1081733_960_720.jpg','http://holidayhawks.in/uploads/masinagudi.jpg','http://holidayhawks.in/uploads/37.jpg','Hand Picked Forest Stay Experiences in India','Stay in the cradle of nature when living in these forest stays. Fall in love with the chirping birds, cuddle with the aromatic breeze and relish the thick green around you.','Forests cannot be the same everywhere. Each forest has got its own nature, its own character and its own uniqueness. So try staying in these vivid living forest cabins deep inside the woods to realize what experiential living is.',2,'ffff','ll',3,1),(5,'Cottages','The Private Experiential Cabins..!! ','http://holidayhawks.in/uploads/ambady-111.jpg','http://holidayhawks.in/uploads/garden-302259_960_720.jpg','http://holidayhawks.in/uploads/38.jpg','Popular Cottage Experiences in India','Cottage experience teaches us the ‘art’ of doing nothing. These cabins are those facilities which offers ultimate peace away from the chaotic everyday life. Any such escapes planned can be perfect if lives in these cottages.','Explore the places and live in these cabins thus executing a picture-perfect escape. The energy each destination emits will make us wish to stay there forever.',3,'','',1,1),(6,'Heritage Bungalows ','Experience the bit of Heritage Luxury !!','http://holidayhawks.in/uploads/country-house-540796_960_7203.jpg','http://holidayhawks.in/uploads/133_aboutslider21.jpg','http://holidayhawks.in/uploads/20170225111732AMHM4.jpg','Popular Heritage Bungalow Destinations of India','Ever dreamed of living in the luxury which the iconic royal empires used to live. Check out the list of such opulent living spaces from the handpicked castles spread across the country. Experience the original authentic luxury living and the pride of history.','Be it the royal forts of Rajputs or the mansion bungalows of the British, the exorbitant luxury is always in its peak when stayed in these experiential stays. Pick your stay here and experience the magical opulence of the past.',1,'','',1,1),(7,'Home Stays','The Home away from Homes ..!!','http://holidayhawks.in/uploads/home stay.jpg','http://holidayhawks.in/uploads/cottage-1689224_960_720.jpg','http://holidayhawks.in/uploads/36.jpg','Handpicked Home Stays Experience in India','Be influenced by our unique collection of home stays across the country. Learn new languages, experience distinct people, take a glimpse into the past and cook some food. A lot to do in these handpicked homes.','People in each destination is different. So are their homes. Much different from other holiday homes. The moods vary, ambiance differ and the experience will be unique. So, explore from the popular destinations.',2,'','',1,1),(8,'Plantation Stays','Live Out in the Midst of Plantations','http://holidayhawks.in/uploads/43.jpg','http://holidayhawks.in/uploads/Dreamcatcher-resort-munnar-teaplantation.jpg','http://holidayhawks.in/uploads/48.jpg','Popular Plantation Stays Destinations of India','Think about sipping hot coffee sitting in midst of a tea plantation with the sweet aroma of tea leaves seducing your nozzles and that naughty wind plays with your hair. Explore more such out of the world experiences here.','Every place is unique and so is every experience. Discuss the best of the plantation experience and give it a shot. We are sure you are gonna love it.Explore more such out of the world experiences here.',3,'','',3,1),(9,'Farm Stays','Unique Nestles in the Midst of Farms ','http://holidayhawks.in/uploads/vineyard-3757669_960_7205.jpg','http://holidayhawks.in/uploads/vineyard-3757669_960_7204.jpg','http://holidayhawks.in/uploads/40.jpg','Popular Farm Stays Destinations of India','Live more close to the mother nature on your expert crafted stays in the most loved farms. Plant a tree, do some farming, learn about a new species and start loving our earth more, much more.','Imagine living a life where we live in the midst of fresh grown yield, having organically prepared food in a home grown environment. This is what it feels to be in these places and we realize that the life over there is the authentic one. ',4,'','',1,1),(10,'Water Front Villas','Water Front Villas','http://holidayhawks.in/uploads/20170225111816AMlakefrontvill.jpg','http://holidayhawks.in/uploads/20170130090751AMAboutIntro.jpg','http://holidayhawks.in/uploads/20170323191312PM_MG_7758crop.jpg','Test','test','test',5,'l','l',1,1),(11,'House Boats','Houseboats - The Floating Palace ','http://holidayhawks.in/uploads/cnmjlelnoiigioba.png','http://holidayhawks.in/uploads/houseboat1 (2)2.jpg','http://holidayhawks.in/uploads/20170628060353AMSpiceCoastCruisesAboutSlider4.jpg','Popular Houseboat Points in India','Being of shallow draft, the houseboats have living quarters in the superstructure, with large windows giving plenty of light and ventilation and  typically have broad decks, making them ideal summer homes.','Browse through our collection of handpicked houseboats across the country',6,'h','h',3,1);
/*!40000 ALTER TABLE `tbl_exp_stays` ENABLE KEYS */;
UNLOCK TABLES;

--
-- Table structure for table `tbl_exp_stays_about`
--

DROP TABLE IF EXISTS `tbl_exp_stays_about`;
/*!40101 SET @saved_cs_client     = @@character_set_client */;
/*!40101 SET character_set_client = utf8 */;
CREATE TABLE `tbl_exp_stays_about` (
  `exp_id` int(11) DEFAULT NULL,
  `exp_cat_id` int(11) DEFAULT NULL,
  `about` text DEFAULT NULL
) ENGINE=InnoDB DEFAULT CHARSET=latin1;
/*!40101 SET character_set_client = @saved_cs_client */;

--
-- Dumping data for table `tbl_exp_stays_about`
--

LOCK TABLES `tbl_exp_stays_about` WRITE;
/*!40000 ALTER TABLE `tbl_exp_stays_about` DISABLE KEYS */;
INSERT INTO `tbl_exp_stays_about` VALUES (4,4,'<p>test</p>\n'),(3,5,'<p>test</p>\n'),(14,5,'<p>Ambady Estate offers luxurious rooms and a beautiful and well-maintained garden amid a picturesque setting, located in Munnar, one of India&rsquo;s most exotic destinations. situated in the tranquil Western Ghats, Ambady Estate is wrapped in the cool embrace of the Sahya rainforest, surrounded by awe-inspiring Parvathy Hills on one side, and the marvelous view of the &lsquo;Chokkan Mala&rsquo;, Idukki Dam, and the tea plantations on the other sides. Spread across seventy acres, our plantation is home to diverse and indigenous flora and fauna. Ambady is the place to recreate the synergy of mind, body and intellect through our serene ambience, nutritious and healthy food, the bird song and starlight and the melody of nature.</p>\n'),(6,3,'<p><span style=\"color:rgb(0, 0, 0); font-family:verdana,geneva,sans-serif; font-size:14.4px\">Chokramudi stands as a unique piece of Elevated Mountain at an altitude of almost 7200 feet.Unlike the other hill ranges in Idukki it pose&nbsp;separately and is not attached to any other hills or ranges of hills in Munnar.The base camp of Chokramudi peak is a wonderful experience for those who love to explore the heights.The mysterious calmness and breathtaking views from the camp itself is a unique&nbsp;experience.Grabbing a portion of BBQ and gather around a bonfire with music adds to the unconditional experience of being on the standalone peak under the glazing stars.The off road drive to the campsite and speculative&nbsp;trek to the top of Chokramudi render&nbsp;the lust&nbsp;of adventure junkies who loves to experience the rare.</span></p>\n'),(25,10,'<p>testing</p>\n'),(7,2,'<p>The tree houses are spacious and suitably laid out. It has a balcony that offers some magnificent views of the jungle and the valley. It is presented in a perfect way so as to enjoy the best that nature offers. The tree trunk passing through the room added to its appeal. Even though these&nbsp;<strong>tree houses</strong>&nbsp;is&nbsp;committed to nature, Comforts are not compromised. Luxury is built into the interiors of these tree houses. The tree houses are located amidst wilderness. It&rsquo;s not easy walking up to&nbsp;<strong>tree house</strong>. Can hear the Chirping and screeching of birds mingled with the rhythmic beat of waters cascading down the stream. Sight of monkeys dance around from one tree to the other, some deers and even python are also some views from tree house.</p>\n'),(8,3,'<p>You will notice all these dwelling places only if someone points them out to you! Luxury at its best form is being built into the interiors of these tents, without compromising on our eco-drive. Superior quality coir flooring, Bamboo &amp; Paper light fittings, eco-friendly toiletries, etc are just some of the eco-friendly initiatives you will experience in your room.</p>\n\n<p>While we are totally committed to the nature, we have not compromised on any of your comforts. Each cottage has Well-appointed rooms with modern bath rooms and large varandahs, and surrounded by aromatic plants like Lavender and Rosemary.</p>\n\n<p>Comfortable Valley view African Safari Tents</p>\n\n<p>The tent is comfortable and well fixed. Even though These&nbsp;<strong>Safari Tents</strong>&nbsp;is&nbsp;committed to nature, Comforts are not compromised. Luxury is built into the interiors of these tents. It is perfectly clean with supply of hot water. Beds are covered with mosquito nets and tidy linens to keep warm. Staying in the tent to be very warm and comfortable. It will be a beautiful experience sleeping in the middle of a jungle. The view can be amazing and have only nature all around you. The staff will be friendly. Food can be awesome.</p>\n'),(27,3,'<p>Camping over the clouds...!! Does it seems a fantacy ..? Absolutly not. One can experience the joy of being watching the world from sky.Yes it is possible by staying on the top of a mighty peak in Munnar and enjoy the clouds that pass beneath under your foots..</p>\n'),(28,2,'<p>This Plantation tree house is surrounded by tea, coffee, pepper and cardamom plantations.&nbsp;One can experience the presence of more than hundreds oflarge trees.&nbsp; It is a paradise for birds and you would love to watch squirrels running up and down.&nbsp;In the night, listen to the chants of beetles and if you&rsquo;re lucky, you could see hundreds of fireflies lighting up the trees.</p>\n\n<p>&nbsp;It is a fantastic place for adventurous families, a hide out for romantic couples, haven for nature lovers or a camping place for a group of friends.As a family we would love to welcome&nbsp; and assist our guests to have a wonderful holiday.</p>\n'),(29,5,'<p>This stone structure exudes a rustic charm in sync with nature and offers some of the best spectacles around. Built without causing any damage to the natural attributes and landscape of the location, this resort has three units.&nbsp; The main block that houses the common areas like reception, lounge, dining and kitchen and another two stone building that has twelve tastefully done up cottages. The large windows and louvers of the cottages let in plenty of natural light and air while the rich teak wood furniture and the hand made lamps ensure a touch of ethnic feel. The guests are ensured of some of the most modern amenities and facilities in this resort to ensure a reclusive holiday without being cut off from the outside world. Four tree-top house in midst of plantation provides an experience of being connected with nature at close proximity. Waking up with listening to birds, beetles, crickets and sun-rays provides ideal setup for rejuvenating holidays. A desk in between the tree house provides open space for contemplating with nature. The Farm yard is the main attraction of the retreat theme of organic living and dining. You would love to take a stroll along its full fledged vegetable and fruit garden or the rose garden. The well tended spice plantation allows you to take a closer look at the farming activities and if interested, you can try out a hand too! What you can like the best will be the campfire in this resort that will tempt you to stay awake late into night, under the starlit sky.&nbsp;</p>\n'),(30,5,'<p>It is surrounded by charismatic eucalyptus trees and a meandering brook downhill giving a soul-soothening welcome note. The locale gifts you a rejuvenating effect and pleasent accomodation in munnar with the clean and soft smell of the medicinal eucalyptus unfurling from the surroundings.</p>\n\n<p>It&nbsp;<span style=\"color:#333534; font-family:opensansregular,serif\">offers a special Twin Cottage which can accommodate two families, with two plush bedrooms, 2 bathrooms with bath tub facility and a common sit-out. This Cottage in Munnar is ideal for sharing memorable vacationing moments between friends with the same travel destination in mind.</span></p>\n'),(31,10,'<p>The Rain is a venture by the Johns Group of Companies, who has been popular in and outside Kerala for their magnificent repute of bringing Kerala together under the comfort of their umbrellas during the drizzly days of monsoon. Johns with their roots in Kerala has been in the umbrella making business for the past seventy years being one of the earliest Indian pioneers in umbrella manufacturing industry. Johns has a reputation for going all-out to ensure that every product they offer in the market is committed to quality, safety, and good value for money. The company&rsquo;s attention to detail and an innate urge to keep their customers happy always is what initiated them to launch The Rain, a perfect setting where people can smile and instantly relax their senses.</p>\n'),(32,10,'<p>It is a Premium waterfront Serviced Villa situated in Aluva, nearly 10 km away from Cochin International Airport. One can experience a complete nature friendly stay in the middle of the city.</p>\n'),(33,8,'<p>It is&nbsp;an enchanting haven nestled in the evergreen verdure of the hilly tropical rainforest, with its splendid waterfalls, inviting plunge pools and its soothing sedate serenity lures the southern sojourner. Green Trees the boutique resort, perched within the lush green forests of Athirappilly is a surreal abode that seamlessly etches on to the fabric of the forest.</p>\n\n<p>&nbsp;</p>\n'),(34,10,'<p>It is exquisitely landscaped with lagoons and canals meandering in and around a number of cottages (heritage &amp; modern) built around picturesque greenery overlooking the clean beach at the front and serene backwaters behind. Amongst these are traditional heritage Fishermen villas facing backwaters &amp; the Modern villas fully air-conditioned and with all modern facilities. The resort is designed with love and style. Each and every detail is just perfect.</p>\n\n<p>Sun rises at the backwater side of the resorts &ndash; first you see a wave of crimson at the eastern horizon. As and when it approaches Cherai, it thickens to molten gold and in minutes you see it merging with the ubiquitous skies and backwaters turning everything in and around it into a maze of crimson yellowish gold. The sun sets in front of the resorts in the Arabian Sea.</p>\n'),(35,11,'<p>It is a luxury Air-conditioned houseboat with 3 Luxuries a/c bedrooms, a living Area, 01 of the room with an exclusive Private balcony, Airconditioned dining area, Roof top/ Moon Dining &amp; a Sunset deck. This boat can accommodate upto 09 Adults at a time for overnight stay &amp; Can cater upto 75 persons for a day cruise or Parties.</p>\n\n<p>It also includes a sun terrace. Guests can enjoy a meal at the on-site restaurant. The property also offers packed lunches.</p>\n'),(36,11,'<p>The house boat is completely furnished and has rooms with sundeck, comfortable chairs, kitchen and toilet with A/C. Full-Fledged Conference Facility is a distinguishing and an outstanding feature of our Houseboat. The modern Houseboats you see are a reworked model of the &quot;Kettuvallams&quot; which were used to carry rice and spices from Kuttanad to Kochi Port. This marvel in naval architecture is about 60 to 70 feet long and about 15 feet wide at the middle. The glittering water and the soothing calm and cool breeze is an enticement that an Houseboat can offer - an exclusive and exceptional experience that touches you with the vigour and vitality of the countryside of the God&#39;s Own Country. An added wonderful experience while in Alappuzha is a houseboat cruise. Our houseboat cover all amenities and comforts of a good hotel such as secure and furnished bedrooms, modern toilets, comfy living rooms, a kitchen and even a balcony for angling.</p>\n'),(37,11,'<p><span style=\"font-family:open sans,sans-serif; font-size:14px\">These houseboats have been adapted to accommodate all modern conveniences, sun decks, living rooms, dining rooms, bedrooms, uninterrupted water supply and a well-stocked kitchen and skilled crew who ensure you have a luxurious experience. Every houseboat has a three member crew consisting of a driver, assistant and a cook.</span></p>\n'),(38,9,'<p>It is situated in 370 Acers of Plantations and Farm.&nbsp; This is one of the most and inspirational Resort in Munnar, Kerala. A Home From a destination, Kerala has evolved into an addiction for tourists across the globe because of the sheer beauty of the land and a people known for their open hearts and generous hospitality. At Dew Drops resorts we take hospitality to a higher altitude. The doors of our home are opened wide as we bid you warm welcome.</p>\n'),(39,5,'<p><span style=\"font-size:14px\"><span style=\"color:rgb(65, 65, 65); font-family:signika,sans-serif\">Rock House rooms are a two bedroom elevated cottage with two seperate rooms and a common balcony. The rooms have seperate doors and bathrooms. The room is relatively smaller in size, similar to that of the tree house and has a double cot, which mean two adults can only be accommodated. The rock house rooms would be ideal for families or couples&nbsp;who would require two adjacent rooms under one roof.</span></span></p>\n'),(40,3,'<p><span style=\"font-size:14px\"><span style=\"color:rgb(65, 65, 65); font-family:signika,sans-serif\">The luxury tents are quite large and are on top of a hillock, you will have to climb up around 35 steps and slopes to reach the tents. The higher you climb, the more beautiful the view. Since they are quite large, there is ample space for two additional mattresses in the Luxury tents, which means 4 guests can easily be accommodated with two additional extra mattresses. The tent has an exclusive sit out and has an amazing view. Ideal for small groups of friends or team outing who would love to stay under one roof.</span></span></p>\n'),(41,8,'<p>The first and only complete suite room resort in Munnar&rdquo;&nbsp;situates in Letchmi tea estate surrounded by rain forest, cardamom and firewood plantation. The flora and fauna, lush canopy of tropical trees, plantation waterfall distinguish this plantation resort&nbsp;as different from other resorts in Munnar.</p>\n\n<p>Every suite has a large bath room, 350 sq ft living area with private office space and dining area, private balcony overlooking to the rain forest. The large bed room and its ethnic architecture welcomes every guest to a unique experience.&nbsp;</p>\n\n<p>Automated heated swimming pool nestled right front of 90 cover restaurant and open terrace gazebo dining, 3000 sq ft rose garden and the enchanting natural beauty of the rain forest make memorable experience for honeymooners.&nbsp;</p>\n'),(42,8,'<p>It is&nbsp;an exclusive plantation cottages tucked away from the usual tourist route inside a scenic forest on the Munnar. With a natural waterfall on its premises and a gurgling stream flowing alongside the rooms, this nature resort presents a perfect wilderness getaway.</p>\n'),(43,2,'<p>The Tree House is a fantastic accommodation for 3 adults. It comes with a queen bed, a TV, wardrobe and 24-hour room and laundry service. We also provide complimentary breakfast. It also has separate living area and a balcony with a breathtaking view.</p>\n'),(44,8,'<p>This Plantation cottage&nbsp;has&nbsp;a slice of privacy and comfortable-living in the most serene location you can ask for!<br />\n<br />\nWe provide you a separate living area and balcony. The room has a queen size bed, a television and wardrobe. 24-hour room and laundry services are also provided to you.</p>\n'),(45,5,'<p>All rooms at this premium villa is open out to a breathtaking view of the hills.<br />\nIt has one of the largest and best designed furnished suites at Munnar. You may also enjoy the comforts of hill views serene of&nbsp;other rooms, which are equally stylish and comfortable</p>\n'),(9,9,'<p>&nbsp;An Eco &amp; Nature Resort Spread across 35 acres of verdant terrain and tucked away at an altitude of 3500 feet above sea level, andstands in the middle of a tropical forest with exotic flora and fauna.&nbsp;</p>\n\n<p>&nbsp;Constructed using mud excavated from the very site that it stands onthe very site that it stands on the resort is a fine example of rammed earth architecture, and a glowing tribute to vernacular construction methods. its unique rustic look&nbsp;offering the best in luxury and comfort is truly&nbsp;&quot;Heaven made of Earth.&quot;Thousands of Guadua bamboo saplings planted around the resort create a bio-fencing while improving the already pristine air quality.</p>\n\n<p>&nbsp;Its dark wooden interiors create an ambience that is&nbsp;intimate and romantic, andbewitching beauty of the natural surrounding&nbsp;is bound to leave you awestruck, is a favorite honeymooners&#39; haunt.</p>\n'),(10,8,'<p><span style=\"color:rgb(69, 50, 28); font-family:pt sans,sans-serif; font-size:14.6667px\">Set along the slope of a forest clad hill, beside three branches of a sprightly mountain stream that forks as it flows through the 150 acre property, coming together and broadening at the end of the slope, this luxury plantation cottage&nbsp;is an exquisite jungle hideaway and a naturalist&#39;s treasure trove. Wrapped in the enchantment of a tropical rainforest, beneath an enormous interlaced canopy formed by majestic trees, stone paved paths fringed by tropical plants wind through leading to brick coloured cottages, designed in architecture influenced to a great extent by the vernacular of the region. Built with wooden rafters on the roof and parquet flooring, furnished in wood and fabrics in a palette of earth colours - the accommodations are spacious, equipped with the state of the art in amenities and verandas that look out at fabulous views of the forest - an intimate experience of the surrounding sights and sounds</span></p>\n'),(11,8,'<p>Experiential Plantation Resort</p>\n'),(46,6,'<p>It&nbsp;is a 55yr old heritage bungalow set amidst an evergreen sprawling 20acres of lush green dense spice plantation.It is just 2.5kms from the famous and the Kerala&#39;s 2nd biggest waterfall - MEENMUTTY WATERFALLS. It&nbsp;have very artistically &amp; tastefully done 04 Well-furnished and spacious en-suite rooms having an Each room panoramic 360-degree view of coffee estate. Each rooms are having 02 King sized beds and all rooms are having LCD TV and modern bathrooms with the toiletries to meet the guests end.</p>\n'),(47,6,'<p>It is a restored heritage property featuring independent twin bungalows built in the 50&rsquo;s for the sterling companies in Cochin. They represent an archetypal British colonial style settlement in Fort Kochi from the middle of the last century. Each bungalow houses three bedrooms, a dining room overlooking its own private pool and a fully equipped kitchen with an on-call chef.</p>\n'),(48,6,'<p>This is inspired from its colonial history. A former shipyard in British times, it has been converted by us to faithfully reflect the symbols and signs of a historical period known for its stately grandeur and good taste as expressed through its ambiance, amenities, service and food.</p>\n'),(49,6,'<p>Built by blending contemporary and colonial styles each room has a distinct appeal. The echoes from the past come alive here while the air carries an unmistakable sweet scent.</p>\n'),(50,5,'<div>\n<div>\n<div>\n<div>\n<div>&nbsp;A serene aryurvedic resort located by the riverside, the resort combines the pleasure of a forest atmosphere with authentic ayurveda treatment and wellness therapies. The resort has all the facilities to make your stay relaxed, comfortable and rejuvenating. Overlooking the shimmering waters of periyar and nestled among lush green Mahagony forests, the resort&nbsp;offers you a chance to unwind and have a holiday of a life-time, while simultaneously rejuvenating your body and mind through effective, efficient Ayurvedic treatments. Spread out to offer nature&rsquo;s view for your getaway accommodation . Ideal for a relaxing holiday to renew your spirits.</div>\n</div>\n</div>\n</div>\n</div>\n\n<div>&nbsp;</div>\n'),(51,3,'<p><span style=\"color:rgb(127, 127, 127); font-family:poppins,sans-serif; font-size:14.5px\">This Camping is ideal for everyone, featuring flexible adventures and activities that allow you to challenge your inner athlete, or relax and enjoy the scenery. We got excited while planning this adventure tour and crammed in as many incredible experiences as you could possibly handle. Perfect guided tour for anyone, from ultra-athlete to first timers and avid relaxers, with highly adaptable adventures and activities. Start early to enjoy the incredible view of this scenic location.</span></p>\n'),(52,2,'<p><span style=\"color:black; font-family:arial,sans-serif; font-size:9.5pt\">The tree house&nbsp;set in a 200-acre colonial coffee and spice plantation in the&nbsp;verdant&nbsp;hills of Wayanad, North Kerala&nbsp;offer modern luxury, right up amongst the treetops.&nbsp;Featuring large bedrooms, outdoor living spaces and safari-inspired furniture, our tree houses offer a truly elevating experience.</span></p>\n'),(53,6,'<p>Green construction in traditional Kerala style architecture with wooden walls and carvings under slopping tiled roof.100 years old cottages is reconstructed with architectural excellence. The resort is constructed without disturbing the nature. Traditionally designed villas give way to endless views of the enchanting forests which stretch for miles.it is a place where your body can relaxes and tension, worries fade away.</p>\n'),(54,4,'<p><span style=\"font-size:14px\"><span style=\"color:rgb(0, 0, 0); font-family:muli,sans-serif\">Imagine traditionally constructed houses with laterite stones and clay tiled roofs, in between the lush green rainforest and paddy fields. The family cottages here&nbsp;have two separate rooms and a veranda to enjoy the surroundings, but no Wi-Fi or a TV.</span></span></p>\n'),(55,10,'<p><span style=\"font-size:14px\"><span style=\"background-color:rgb(246, 246, 246); color:rgb(32, 33, 36); font-family:roboto,sans-serif\">This state of the art beach house which offers a magnificent view of the Arabian Sea is in a quiet corner of Vypin Island. Come enjoy breathtaking view and great sunsets!</span></span></p>\n'),(56,2,'<p>At this tree house, we have gone to great lengths to ensure that you experience a truly indigenous way of living. Every aspect of the treehouse experience&nbsp; is designed to develop a deeper appreciation and respect for the earth and its environment. In essence it&nbsp;embodies a &quot;Journey back to Nature&quot;...</p>\n'),(13,5,'<p>It is in the Cardamom Hills near Thekkady and the Periyar Tiger Reserve, in the Idukki District. It&nbsp;offer you to a beautiful stay which reminds you of home but with the luxuries to make you and your loved ones have a memorable time while enjoying and being one with nature.</p>\n\n<p>The rooms in the resort are equipped with a flat-screen TV. Each room comes with a private bathroom with free toiletries, while some rooms also offer a balcony. All rooms have a wardrobe.</p>\n'),(57,9,'<p>Visitors to the farm can take a bullock cart ride, learn about organic farming, feed the farm animals, enjoy commanding views of the valley flanked by mountains and enjoy a sumptuous meal prepared from the freshest local and organic produce.&nbsp; The farm stay has three well&nbsp; appointed rooms fitted with modern amenities, a separate living room with kitchen attached.</p>\n'),(58,8,'<p>The newly constructed guest house, with good quality teak wood as its skeleton. Large windows, spacious verandas, fire place, attic, partly rocky walls and glass roofs presented it the look of a typical colonial house, very tastefully designed. The green carpeted tea &amp; cardamom plantations, the calm water body running along the border, the majestic view of the green mountain ranges, the wooden benches in the balcony overlooking the green lawn.Kitchen again was well equipped, microwave, toast maker, refrigerator Etc&hellip;.</p>\n'),(12,8,'<p>&nbsp;As a vacation retreat, this property gives the sensation of an exotic far away destination without the hassle of traffic. Luxuriously appointed yet casual and welcoming, this is a boutique accommodation suited to individuals, couples or small families in search of a personalized country retreat.</p>\n\n<p>This plantation House is an ideal place for a plantation stay as well as to see how the spices are grown, harvested and processed. A small, friendly village, where one can see and visit typical Kerala-style homes, is within walking distance.</p>\n'),(15,8,'<p>It is a unique concept of Plantation Resort that can be experienced today. It offers you the most singular experience of being one with nature. Set in exotic settings, it is the perfect holiday home for you to enjoy an array of natural wonders.</p>\n'),(16,6,'<p>This Tea Bungalows with backdrops of spectacular countryside mountain valleys, lochs and wildlife is an ideal base for a perfect holiday.Set in the tranquil location with inspiring landscapes, the buildings are the symbol of the colonial heritage of British Indian Architecture, fully furnished with furniture from the colonial era. Being set amidst the vast expanse of privately owned plantation lands provides exclusivity &amp; privacy. Guided by values, courtesy and attentiveness helps create countless memories.</p>\n\n<p>&nbsp;</p>\n'),(17,5,'<p>This private cottage is spread across a vast Cardamom Plantation&nbsp; in Munnar. It features open gardens and features various activities such as ping pong, and a pool table. The rooms of this capture the mystic effervescence of Munnar itself.</p>\n'),(18,2,'<p>This Plantation Treehouse in Baison Valley Munnar&nbsp;create the romance and grandeur of a Hill station. Connected by walking trails through stunningly beautiful tea gardens. Each of the four Tree Houses is unique and handcrafted for honeymooners.</p>\n'),(19,2,'<p>A tree house is errected among five large trees of which one of the trees goes through the middle of the tree house, with a spacious balcony overlooking the KallarNallathani river, the tree house here is exotic of the concept, the structure, and its location.</p>\n\n<p>&nbsp;This&nbsp;Tree House looks stunning holding close to the real concept of the tree house, except for the entry, where there is a ramp from the rear. Tree houses have a rope ladder. However, we have setup a wooden ramp for guests to walk in and out. The tree house is built with wood and iron to hold it up among the trees, and the roofing is of tin sheets that are most common roofing available in the high ranges of the Western Ghats.</p>\n'),(20,5,'<p>The&nbsp;colonial type building&nbsp;admits 8 boutique rooms with all modern-day amenities and offers exotic views of nature. Drive to the resort itself is a relishing experience, as it is through the village road in Pullivasal Tea Estate &ndash; the most beautiful estate in Munnar, Pothamedu view point, Aattukadu waterfalls and breath taking sunset viewpoints.</p>\n'),(21,8,'<p>It is set amidst trees, herbal hills, valleys swathered in mist with the beauty and tranquility of nature and is just walkable distance from pallivasal- one among the most beautiful Tea plantation of Munnar. The resort crowned with nature.</p>\n\n<p>Fitted with wooden furnishings, the stylish rooms come with a wardrobe and work desk. Shower facilities and free toiletries are in the attached bathroom.</p>\n'),(22,8,'<p>It is a piece of heaven on earth where sunlight filters through a high canopy of leaves; where there&rsquo;s joy in every breath and beauty as far as the eye can see; and peace permeates through the sounds of the wild... In the wooded high ranges of the Western Ghats in Kerala, hidden away in one of the world&rsquo;s eight biodiversity hotspots, is a resort where you cannot just live under tall trees, but experience life in the virgin countryside.</p>\n\n<p>The resort will provide you with a satellite TV and a balcony. Featuring a shower, private bathroom also comes with free toiletries. You can enjoy mountain view and garden view from the room.</p>\n'),(23,5,'<p>Its unconventional style gives you a memorable experience right from the time you enter the resort till the time you leave.&nbsp;<strong>Multi-lingual and multi skilled team</strong>&nbsp;will provide you with top notch service laced with warmth and comfort. there chef will dish out some mouth watering delicacies and teach you to cook too. there guest assistants will interact with you every day, to ensure your comfort. Activities and entertainments in-house will ensure that there is enough to keep the little ones and the grown ups busy.</p>\n'),(24,5,'<p>As the mist falls in Munnar and engulfs the carpet of Tea Plantations,waterfalls and mountains it muffles all other sounds and Peace and Tranquility descends upon this lush green landscape surrounding this Rock Cottage.</p>\n\n<p>It is located in the enchanting environs of Letchmi tea Estate in Munnar blessed with waterfalls, mountains and sprawling tea gardens.&nbsp; Facing this endless expanse of greenery is the perennial waterfall just opposite to the resort formed from mist which descends on the mountains.</p>\n'),(26,6,'<p><span style=\"color:#000000\"><span style=\"font-size:14px\"><span style=\"font-family:arial,sans-serif\">The bungalow has two luxury bed rooms to accommodate guests. Each room is completely different in its decor and has its distinctive character. Every room is decked with antique furniture &ndash; the grand beds come with inlay woodwork, teak wood dressing tables, dining tables, wardrobes and the fireplaces with their teak wood mantles. The common sit-out tea tables and couches on the verandah keeps to the simplistic cane and teakwood. Paintings, murals and handicrafts play with the contrast and colour of the 150 year-old stone walls and timber floors of the bungalow. Well! With all this you also get a vast lawn in your frontyard, where you can try your hands against your partner and the gusty Chokarmudy winds.</span></span></span></p>\n\n<p><span style=\"color:#000000\"><span style=\"font-size:14px\"><span style=\"font-family:arial,sans-serif\">The unique terrain and altitude ranging between 6000 and 7500 feet gives a great opportunity to low altitude treks through lush green tea bushes. The treks usually lead to viewpoints offering breathtaking views of Mt. Chokarmudy range, the rolling valleys, various waterfalls and forests. You can get a first hand experience of tea tasting of the finest Lockhart tea from the estate&rsquo;s best tea tasters and can take a guided tea factory tour to witness the making of the best quality Lockhart tea. You can also enjoy a riverside picnic or ask the Manager to arrange a cultural evening with local musicians and villagers.</span></span></span></p>\n');
/*!40000 ALTER TABLE `tbl_exp_stays_about` ENABLE KEYS */;
UNLOCK TABLES;

--
-- Table structure for table `tbl_exp_stays_about_images`
--

DROP TABLE IF EXISTS `tbl_exp_stays_about_images`;
/*!40101 SET @saved_cs_client     = @@character_set_client */;
/*!40101 SET character_set_client = utf8 */;
CREATE TABLE `tbl_exp_stays_about_images` (
  `id` int(11) NOT NULL AUTO_INCREMENT,
  `exp_id` int(11) NOT NULL,
  `exp_cat_id` int(11) NOT NULL,
  `image` varchar(2000) NOT NULL,
  PRIMARY KEY (`id`)
) ENGINE=InnoDB AUTO_INCREMENT=227 DEFAULT CHARSET=latin1;
/*!40101 SET character_set_client = @saved_cs_client */;

--
-- Dumping data for table `tbl_exp_stays_about_images`
--

LOCK TABLES `tbl_exp_stays_about_images` WRITE;
/*!40000 ALTER TABLE `tbl_exp_stays_about_images` DISABLE KEYS */;
INSERT INTO `tbl_exp_stays_about_images` VALUES (4,4,4,'http://holidayhawks.in/uploads/tree-02.jpg'),(5,3,5,'http://holidayhawks.in/uploads/cc59d519fbf40a3da8b0ffa032ae94542.jpg'),(6,3,5,'http://holidayhawks.in/uploads/Neelakurinji-flowers-Munnar-kerala-keralatrips4.jpg'),(7,3,5,'http://holidayhawks.in/uploads/Neelakurinjikhidmatourism1.jpg'),(16,9,9,'http://holidayhawks.in/uploads/EarthenResortInKerala-cofee.jpg'),(17,9,9,'http://holidayhawks.in/uploads/resorts_kerala.jpg'),(18,9,9,'http://holidayhawks.in/uploads/earth_rooms_in_wayanad.jpg'),(19,9,9,'http://holidayhawks.in/uploads/EarthRoom_Page_Carousel_3.jpg'),(22,0,0,'http://holidayhawks.in/uploads'),(23,0,0,'http://holidayhawks.in/uploads'),(27,13,5,'http://holidayhawks.in/uploads/WhatsApp Image 2018-06-19 at 2.02.03 PM (1).jpeg'),(28,13,5,'http://holidayhawks.in/uploads/WhatsApp Image 2018-06-19 at 2.02.07 PM (1).jpeg'),(29,13,5,'http://holidayhawks.in/uploads/WhatsApp Image 2018-06-19 at 21.jpeg'),(30,14,5,'http://holidayhawks.in/uploads/ambady-5.jpg'),(31,14,5,'http://holidayhawks.in/uploads/ambady-6.jpg'),(32,14,5,'http://holidayhawks.in/uploads/ambady-11.jpg'),(33,14,5,'http://holidayhawks.in/uploads/ambady-13.jpg'),(34,15,8,'http://holidayhawks.in/uploads/img-7.jpg'),(35,15,8,'http://holidayhawks.in/uploads/img-1.jpg'),(36,15,8,'http://holidayhawks.in/uploads/img-3.jpg'),(37,16,6,'http://holidayhawks.in/uploads/blue 1.jpg'),(38,16,6,'http://holidayhawks.in/uploads/thalayar6.JPG'),(39,16,6,'http://holidayhawks.in/uploads/rose 1.jpg'),(40,16,6,'http://holidayhawks.in/uploads/dinin 1.jpg'),(41,17,5,'http://holidayhawks.in/uploads/2bed-cottage-1.jpg'),(42,17,5,'http://holidayhawks.in/uploads/2bed-cottage-b2-1.jpg'),(43,17,5,'http://holidayhawks.in/uploads/2bed-cottage-balcony-1-1.jpg'),(44,17,5,'http://holidayhawks.in/uploads/WhatsApp Image 2018-06-18 at 1.24.29 PM.jpeg'),(45,18,2,'http://holidayhawks.in/uploads/dreamcatcher-resort-firecamp.jpg'),(46,18,2,'http://holidayhawks.in/uploads/treehouseroom1.jpg'),(47,18,2,'http://holidayhawks.in/uploads/tea-view.jpg'),(48,18,2,'http://holidayhawks.in/uploads/teagarden.jpg'),(49,19,2,'http://holidayhawks.in/uploads/75133945.jpg'),(50,19,2,'http://holidayhawks.in/uploads/75124980.jpg'),(51,19,2,'http://holidayhawks.in/uploads/75126667.jpg'),(53,20,5,'http://holidayhawks.in/uploads/candlelightdinner.jpg'),(54,20,5,'http://holidayhawks.in/uploads/honeyrock11.jpg'),(55,20,5,'http://holidayhawks.in/uploads/madhumanthra-resort-munnar-71.jpg'),(56,21,8,'http://holidayhawks.in/uploads/premium-valley-view-room-munnar-400x400.jpg'),(57,21,8,'http://holidayhawks.in/uploads/familysuiteroom.jpg'),(58,21,8,'http://holidayhawks.in/uploads/premium-valley-view-room-munnar.jpg'),(59,0,0,'http://holidayhawks.in/uploads'),(60,0,0,'http://holidayhawks.in/uploads'),(61,22,8,'http://holidayhawks.in/uploads/sjc_safs_001_t2.jpg'),(62,0,0,'http://holidayhawks.in/uploads'),(63,22,8,'http://holidayhawks.in/uploads/sjc_min_005_b1.jpg'),(64,22,8,'http://holidayhawks.in/uploads/sjc_min_004_b1.jpg'),(65,23,5,'http://holidayhawks.in/uploads/honeymoon3.jpg'),(66,23,5,'http://holidayhawks.in/uploads/mtcr-romantic-villa-1.jpg'),(67,23,5,'http://holidayhawks.in/uploads/vlleyviewliving.jpg'),(68,24,5,'http://holidayhawks.in/uploads/WhatsApp Image 2018-05-15 at 5.45.14 PM.jpeg'),(69,24,5,'http://holidayhawks.in/uploads/WhatsApp Image 2018-05-15 at 5.45.17 PM.jpeg'),(70,24,5,'http://holidayhawks.in/uploads/WhatsApp Image 2018-05-15 at 5.45.16 PM.jpeg'),(71,0,0,'http://holidayhawks.in/uploads'),(72,0,0,'http://holidayhawks.in/uploads'),(73,0,0,'http://holidayhawks.in/uploads'),(74,6,3,'http://holidayhawks.in/uploads/WhatsApp Image 2018-09-06 at 915.jpeg'),(75,6,3,'http://holidayhawks.in/uploads/WhatsApp Image 2018-09-06 at 916.jpeg'),(76,6,3,'http://holidayhawks.in/uploads/WhatsApp Image 2018-09-06 at 9.46.10 PM (1).jpeg'),(88,25,10,'http://holidayhawks.in/uploads/054.jpg'),(89,25,10,'http://holidayhawks.in/uploads/065.jpg'),(93,7,2,'http://holidayhawks.in/uploads/about_us4.jpg'),(94,7,2,'http://holidayhawks.in/uploads/acco2.jpg'),(95,7,2,'http://holidayhawks.in/uploads/54.jpg'),(96,8,3,'http://holidayhawks.in/uploads/tent19.jpg'),(97,8,3,'http://holidayhawks.in/uploads/1813.jpg'),(98,8,3,'http://holidayhawks.in/uploads/112.jpg'),(99,26,8,'http://holidayhawks.in/uploads/5e0805ab-aa8d-4bb1-9034-c62a6b9372cb2.jpg'),(100,26,8,'http://holidayhawks.in/uploads/73d46bfd-b0ff-4d67-ab67-539530812d594.jpg'),(101,27,3,'http://holidayhawks.in/uploads/WhatsApp Image 2018-09-12 at 10.31.51 PM.jpeg'),(102,27,3,'http://holidayhawks.in/uploads/WhatsApp Image 2018-09-12 at 10.31.53 PM.jpeg'),(103,27,3,'http://holidayhawks.in/uploads/WhatsApp Image 2018-09-12 at 10.32.07 PM.jpeg'),(104,28,2,'http://holidayhawks.in/uploads/WhatsApp Image 2018-05-16 at 6.54.49 PM.jpeg'),(105,28,2,'http://holidayhawks.in/uploads/IMG-1728.jpg'),(106,28,2,'http://holidayhawks.in/uploads/IMG-1753.jpg'),(107,29,5,'http://holidayhawks.in/uploads/Cottage_From_Balcony.jpg'),(108,29,5,'http://holidayhawks.in/uploads/Cottage_Inside_1.jpg'),(109,29,5,'http://holidayhawks.in/uploads/Cottage_Building_11.jpg'),(110,30,5,'http://holidayhawks.in/uploads/6351866241600220351.jpg'),(111,30,5,'http://holidayhawks.in/uploads/635186625682804298.jpg'),(112,30,5,'http://holidayhawks.in/uploads/635186624944000425.jpg'),(113,31,10,'http://holidayhawks.in/uploads/128638558.jpg'),(114,31,10,'http://holidayhawks.in/uploads/132496193.jpg'),(115,31,10,'http://holidayhawks.in/uploads/1290204271.jpg'),(116,31,10,'http://holidayhawks.in/uploads/1290207471.jpg'),(117,12,8,'http://holidayhawks.in/uploads/bath-room1.jpg'),(118,12,8,'http://holidayhawks.in/uploads/Aanavilasam - 31.jpg'),(119,12,8,'http://holidayhawks.in/uploads/Pool-villa-bed-room2.jpg'),(120,32,10,'http://holidayhawks.in/uploads/lobby.jpg'),(121,32,10,'http://holidayhawks.in/uploads/restaurant.jpg'),(122,32,10,'http://holidayhawks.in/uploads/river-view.jpg'),(123,32,10,'http://holidayhawks.in/uploads/nadhiyoram-water.jpg'),(124,33,8,'http://holidayhawks.in/uploads/99057778.jpg'),(125,33,8,'http://holidayhawks.in/uploads/100772733.jpg'),(126,33,8,'http://holidayhawks.in/uploads/105224493.jpg'),(127,33,8,'http://holidayhawks.in/uploads/109196824.jpg'),(128,34,10,'http://holidayhawks.in/uploads/doc-premium-banner.jpg'),(129,34,10,'http://holidayhawks.in/uploads/cherai-banner-031.jpg'),(130,35,11,'http://holidayhawks.in/uploads/gallery-img-popup-1.jpg'),(131,35,11,'http://holidayhawks.in/uploads/gallery-img-popup-2.jpg'),(132,35,11,'http://holidayhawks.in/uploads/gallery-img-popup-4.jpg'),(133,35,11,'http://holidayhawks.in/uploads/gallery-img-popup-9.jpg'),(134,36,11,'http://holidayhawks.in/uploads/106099652.jpg'),(135,36,11,'http://holidayhawks.in/uploads/1060996551.jpg'),(136,36,11,'http://holidayhawks.in/uploads/109832560.jpg'),(137,37,11,'http://holidayhawks.in/uploads/houseboat1 (2)1.jpg'),(138,37,11,'http://holidayhawks.in/uploads/houseboat5.jpg'),(139,37,11,'http://holidayhawks.in/uploads/spice_routes_saffron_one_bed_room_luxury_houseboat_-_presidential_suite.jpg'),(140,38,9,'http://holidayhawks.in/uploads/4-resort.jpg'),(141,38,9,'http://holidayhawks.in/uploads/6-restaurant.jpg'),(142,38,9,'http://holidayhawks.in/uploads/1-dewdrops.jpg'),(143,38,9,'http://holidayhawks.in/uploads/JAK_7979.jpg'),(144,39,5,'http://holidayhawks.in/uploads/751249802.jpg'),(145,39,5,'http://holidayhawks.in/uploads/751297312.jpg'),(146,39,5,'http://holidayhawks.in/uploads/1163154_160718011500447396931.jpg'),(147,40,3,'http://holidayhawks.in/uploads/tent.webp'),(148,40,3,'http://holidayhawks.in/uploads/5428443249d611e691945ee5da2daa2a1.jpg'),(149,41,8,'http://holidayhawks.in/uploads/ElixirBalcony4x.jpg'),(150,41,8,'http://holidayhawks.in/uploads/102.jpg'),(151,41,8,'http://holidayhawks.in/uploads/510.jpg'),(152,41,8,'http://holidayhawks.in/uploads/313.jpg'),(153,42,8,'http://holidayhawks.in/uploads/73679542.jpg'),(154,42,8,'http://holidayhawks.in/uploads/73679541.jpg'),(155,42,8,'http://holidayhawks.in/uploads/73679490.jpg'),(156,42,8,'http://holidayhawks.in/uploads/73679519.jpg'),(157,43,2,'http://holidayhawks.in/uploads/tree houseint 2.jpg'),(158,43,2,'http://holidayhawks.in/uploads/Tree House3.jpg'),(159,43,2,'http://holidayhawks.in/uploads/Tree House Bed room.jpg'),(160,43,2,'http://holidayhawks.in/uploads/IMG_1940.jpg'),(161,44,8,'http://holidayhawks.in/uploads/IMG_1639.jpg'),(162,44,8,'http://holidayhawks.in/uploads/Honeymoon Villa.jpg'),(163,44,8,'http://holidayhawks.in/uploads/IMG_1682.jpg'),(164,45,5,'http://holidayhawks.in/uploads/b.jpg'),(165,45,5,'http://holidayhawks.in/uploads/d (7).jpg'),(166,45,5,'http://holidayhawks.in/uploads/A(1)2.jpg'),(167,45,5,'http://holidayhawks.in/uploads/c3.jpg'),(168,10,8,'http://holidayhawks.in/uploads/vythiri-resort.jpg'),(169,10,8,'http://holidayhawks.in/uploads/217566001.jpg'),(170,10,8,'http://holidayhawks.in/uploads/pool-villa-01.jpg'),(171,10,8,'http://holidayhawks.in/uploads/haven-01.jpg'),(172,11,8,'http://holidayhawks.in/uploads/201711Fri2211322.jpg'),(173,11,8,'http://holidayhawks.in/uploads/201711Fri221142.jpg'),(175,11,8,'http://holidayhawks.in/uploads/201805Thu020509.jpg'),(176,11,8,'http://holidayhawks.in/uploads/201805Thu0205412.jpg'),(177,46,6,'http://holidayhawks.in/uploads/71431068.jpg'),(178,46,6,'http://holidayhawks.in/uploads/41406724.jpg'),(179,46,6,'http://holidayhawks.in/uploads/48256089.jpg'),(180,47,6,'http://holidayhawks.in/uploads/20170130125549PMstaystoriesgarden.jpg'),(181,47,6,'http://holidayhawks.in/uploads/20170616191647PMbeachgatebungalow-artdecobuilding1.jpg'),(182,47,6,'http://holidayhawks.in/uploads/20170616191202PMbeachgatebungalow-poolsidefruittrees2.jpg'),(183,47,6,'http://holidayhawks.in/uploads/20170616193602PMbeachgatebungalow-interiorliving.jpg'),(184,48,6,'http://holidayhawks.in/uploads/20170325071853AMterrace-grillcrop17.jpg'),(185,48,6,'http://holidayhawks.in/uploads/20170602063322AMbruntonboatyardfromwater2.jpg'),(186,48,6,'http://holidayhawks.in/uploads/20170629084253AMBruntonBoatyard-About-Slider2.jpg'),(187,48,6,'http://holidayhawks.in/uploads/20171014065958AMbruntonboatyard1.jpg'),(188,49,6,'http://holidayhawks.in/uploads/20170615140734PMEighthBastion-room.jpg'),(189,49,6,'http://holidayhawks.in/uploads/20170324104824AMbastion-room-with-private-terracecrop1.jpg'),(190,49,6,'http://holidayhawks.in/uploads/private terrace room1.jpg'),(191,50,5,'http://holidayhawks.in/uploads/925796653s1.jpg'),(192,50,5,'http://holidayhawks.in/uploads/gallery14.jpg'),(193,50,5,'http://holidayhawks.in/uploads/gallery15.jpg'),(194,51,3,'http://holidayhawks.in/uploads/WhatsApp Image 2018-09-06 at 9.54.12 PM (1).jpeg'),(195,51,3,'http://holidayhawks.in/uploads/WhatsApp Image 2018-09-06 at 9.54.10 PM.jpeg'),(196,51,3,'http://holidayhawks.in/uploads/WhatsApp Image 2018-09-06 at 9.54.16 PM.jpeg'),(197,51,3,'http://holidayhawks.in/uploads/WhatsApp Image 2018-09-06 at 9.54.18 PM.jpeg'),(198,52,2,'http://holidayhawks.in/uploads/441.jpg'),(199,52,2,'http://holidayhawks.in/uploads/471.jpg'),(200,52,2,'http://holidayhawks.in/uploads/11800201_1108380832524352_2206396886119916111_n4.jpg'),(201,52,2,'http://holidayhawks.in/uploads/11822483_1108378972524538_6639867046609557458_n1.jpg'),(202,52,2,'http://holidayhawks.in/uploads/Easy-Trip-Hero-Pepper-trail.jpg'),(203,53,6,'http://holidayhawks.in/uploads/front_view.png'),(204,53,6,'http://holidayhawks.in/uploads/gallery_1.png'),(205,53,6,'http://holidayhawks.in/uploads/hall_materials.png'),(206,53,6,'http://holidayhawks.in/uploads/sitoutchair1.png'),(207,54,4,'http://holidayhawks.in/uploads/WhatsApp Image 2018-05-02 at 1.45.55 PM (13).jpeg'),(208,54,4,'http://holidayhawks.in/uploads/WhatsApp Image 2018-05-02 at 12.jpeg'),(209,54,4,'http://holidayhawks.in/uploads/WhatsApp Image 2018-05-02 at 1.45.55 PM (7).jpeg'),(210,54,4,'http://holidayhawks.in/uploads/WhatsApp Image 2018-05-02 at 1.45.55 PM (1).jpeg'),(211,55,10,'http://holidayhawks.in/uploads/115444436.jpg'),(212,55,10,'http://holidayhawks.in/uploads/115444439.jpg'),(213,55,10,'http://holidayhawks.in/uploads/115444101.jpg'),(214,55,10,'http://holidayhawks.in/uploads/115444103.jpg'),(215,55,10,'http://holidayhawks.in/uploads/115444432.jpg'),(216,56,2,'http://holidayhawks.in/uploads/greenwoods-90.jpg'),(217,56,2,'http://holidayhawks.in/uploads/562.jpg'),(218,56,2,'http://holidayhawks.in/uploads/index-banner3.jpg'),(219,57,9,'http://holidayhawks.in/uploads/39368846.jpg'),(220,57,9,'http://holidayhawks.in/uploads/39368843.jpg'),(221,57,9,'http://holidayhawks.in/uploads/104970872.jpg'),(222,57,9,'http://holidayhawks.in/uploads/39368845.jpg'),(223,58,8,'http://holidayhawks.in/uploads/silver-oak-plantation-bungalow-thekkady-dining-area-52529840404g.jpg'),(224,58,8,'http://holidayhawks.in/uploads/81718674.jpg'),(225,58,8,'http://holidayhawks.in/uploads/1041848_15081818250034531181.jpg'),(226,58,8,'http://holidayhawks.in/uploads/1041848_15081818480034533034.jpg');
/*!40000 ALTER TABLE `tbl_exp_stays_about_images` ENABLE KEYS */;
UNLOCK TABLES;

--
-- Table structure for table `tbl_exp_stays_aminities`
--

DROP TABLE IF EXISTS `tbl_exp_stays_aminities`;
/*!40101 SET @saved_cs_client     = @@character_set_client */;
/*!40101 SET character_set_client = utf8 */;
CREATE TABLE `tbl_exp_stays_aminities` (
  `exp_id` int(11) NOT NULL,
  `exp_cat_id` int(11) NOT NULL,
  `amn` text NOT NULL
) ENGINE=InnoDB DEFAULT CHARSET=latin1;
/*!40101 SET character_set_client = @saved_cs_client */;

--
-- Dumping data for table `tbl_exp_stays_aminities`
--

LOCK TABLES `tbl_exp_stays_aminities` WRITE;
/*!40000 ALTER TABLE `tbl_exp_stays_aminities` DISABLE KEYS */;
INSERT INTO `tbl_exp_stays_aminities` VALUES (4,4,'<p>test</p>\n'),(3,5,'<p>gdgd</p>\n'),(9,9,'<ul>\n	<li>Ayurveda Spa</li>\n	<li>Swimming Pool</li>\n	<li>Bamboo Restaurant</li>\n</ul>\n'),(10,8,'<ul style=\"list-style-type:circle\">\n	<li>Spa</li>\n	<li>Conference Hall</li>\n	<li>Ayurveda Centre</li>\n	<li>Multi-Cuisine Restaurant</li>\n	<li>Coffee Shop</li>\n	<li>Health Club</li>\n	<li>Travel Assistance</li>\n	<li>Swimming Pool</li>\n	<li>Games Room</li>\n	<li>TV Salon</li>\n	<li>Kids Park</li>\n	<li>Natural Pool</li>\n	<li>Safe Deposit Lockers</li>\n</ul>\n'),(10,8,'<ul style=\"list-style-type:circle\">\n	<li>Spa</li>\n	<li>Conference Hall</li>\n	<li>Ayurveda Centre</li>\n	<li>Multi-Cuisine Restaurant</li>\n	<li>Coffee Shop</li>\n	<li>Health Club</li>\n	<li>Travel Assistance</li>\n	<li>Swimming Pool</li>\n	<li>Games Room</li>\n	<li>TV Salon</li>\n	<li>Kids Park</li>\n	<li>Natural Pool</li>\n	<li>Safe Deposit Lockers</li>\n</ul>\n'),(12,8,'<ul>\n	<li>&nbsp;Swimming pool</li>\n	<li>&nbsp;Free WiFi&nbsp;</li>\n	<li>Family rooms</li>\n	<li>&nbsp;Free parking&nbsp; Spa&nbsp;</li>\n	<li>Outdoor pool</li>\n</ul>\n'),(13,5,'<ul>\n	<li>&nbsp;Free WiFi&nbsp;</li>\n	<li>Family rooms&nbsp;</li>\n	<li>Free parking&nbsp;</li>\n	<li>Restaurant</li>\n	<li>24-hour front desk</li>\n	<li>Daily maid service</li>\n</ul>\n'),(14,5,'<ul style=\"list-style-type:circle\">\n	<li>Dining</li>\n	<li>24-hour front desk</li>\n	<li>free Wi-fi</li>\n	<li>Free parking</li>\n	<li>Airport shuttle</li>\n	<li>Pet friendly</li>\n</ul>\n'),(15,8,'<ul style=\"list-style-type:circle\">\n	<li>Multi Cuisine Restaurant</li>\n	<li>Curio shop</li>\n	<li>Campfire</li>\n	<li>Plantation Visit</li>\n	<li>Free WiFi</li>\n	<li>Travel Desk</li>\n	<li>Valet Parking</li>\n	<li>Doctor on call</li>\n	<li>Laundry</li>\n</ul>\n'),(17,5,'<ul style=\"list-style-type:circle\">\n	<li>Speciality Restaurant</li>\n	<li>Multi Cuisine Restaurant</li>\n	<li>Charging points</li>\n	<li>Welcome Drink on Arrival (Non-Alcoholic)</li>\n	<li>Suites</li>\n	<li>Front Desk</li>\n	<li>Newspapers In Lobby</li>\n	<li>Room Service (24 Hours)</li>\n	<li>Board Room</li>\n	<li>Free Wifi</li>\n	<li>Indoor Games</li>\n	<li>Conference Facilities</li>\n	<li>Gardens</li>\n	<li>24 hour reception</li>\n	<li>Parking Facilities Available</li>\n	<li>Laundry Service Available</li>\n	<li>room service</li>\n	<li>24 hour security</li>\n	<li>Conference Facility</li>\n	<li>Public Restrooms</li>\n	<li>Locker Facility</li>\n	<li>Swimming Pool</li>\n	<li>Power Backup</li>\n</ul>\n'),(18,2,'<ul style=\"list-style-type:circle\">\n	<li>Free WiFi</li>\n	<li>Swimming pool</li>\n	<li>Free parking</li>\n	<li>Spa and wellness centre</li>\n	<li>Restaurant</li>\n</ul>\n'),(19,2,'<ul style=\"list-style-type:circle\">\n	<li><strong>&nbsp;Free WiFi</strong></li>\n	<li><strong>&nbsp;Free parking</strong></li>\n	<li><strong>&nbsp;Restaurant</strong></li>\n	<li><strong>&nbsp;Pets allowed</strong></li>\n	<li><strong>&nbsp;BBQ facilities</strong></li>\n</ul>\n'),(20,5,'<ul style=\"list-style-type:circle\">\n	<li>FREE Wifi</li>\n	<li>TRAVEL AND BUSINESS AID</li>\n	<li>LAUNDRY SERVICE</li>\n	<li>POWER BACK UP</li>\n	<li>MODERN TV</li>\n	<li>IN ROOM TEA/ COFFEE MAKER</li>\n	<li>BALCONY WITH PLANTATION AND VALLEY VIEW</li>\n	<li>SAFE LOCKER IN THE FRONT DESK</li>\n	<li>TELEPHONE IN ALL ROOMS</li>\n	<li>COMPLIMENTARY 1 LITER BOTTLED WATER FOR 1 ROOM PER DAY.</li>\n	<li>IRON AND IRONING BOARD ON REQUEST</li>\n	<li>ROOM HEATER ON REQUEST (Chargeable)</li>\n	<li>HAIR DRYER ON REQUEST</li>\n	<li>CONCIERGE SERVICES</li>\n	<li>24 HOURS HOT AND COLD WATER</li>\n	<li>GUIDE SERVICE ON REQUEST</li>\n	<li>MEDICAL ASSISTANCE ON DEMAND</li>\n	<li>CAMPFIRE FACILITY (Chargeable)</li>\n</ul>\n'),(21,8,'<ul style=\"list-style-type:circle\">\n	<li>Multi cuisine restaurant.</li>\n	<li>Conference hall with more than 100 persons capacity.</li>\n	<li>Indoor Games.</li>\n	<li>Kids play area.</li>\n	<li>Spacious individual balcony opens to herbal valley.</li>\n	<li>Tailor made packages to suit your budget.</li>\n	<li>Running Hot and Cold Water.</li>\n	<li>Medical aid on request.</li>\n	<li>Help desk.</li>\n	<li>Wi-Fi facility.</li>\n	<li>Satellite TV.</li>\n</ul>\n'),(22,8,'<ul style=\"list-style-type:circle\">\n	<li>Recreation centre</li>\n	<li>Play-yard</li>\n	<li>Wellness</li>\n	<li>Sports and games</li>\n	<li>The green gym</li>\n	<li>Parking area</li>\n	<li>Drivers&#39; accommodation</li>\n	<li>Restaurant</li>\n	<li>Free Wi FI</li>\n</ul>\n'),(23,5,'<p>&nbsp;</p>\n\n<ul>\n	<li>Water treatment plant</li>\n	<li>Planned waste disposal</li>\n	<li>Sewage Treatment Plant</li>\n	<li>Multi Cuisine Restaurant</li>\n	<li>Free parking</li>\n	<li>Valet parking</li>\n	<li>Self parking</li>\n	<li>Porter/bellhop</li>\n	<li>Room service</li>\n	<li>Credit Card Payments</li>\n	<li>CCTV in Public Areas</li>\n	<li>Security guards</li>\n	<li>Garden</li>\n	<li>Express check-out</li>\n	<li>Designated smoking areas</li>\n	<li>Media library</li>\n	<li>Wireless Internet access</li>\n	<li>Library</li>\n	<li>International Spa</li>\n</ul>\n'),(24,5,'<ul style=\"list-style-type:circle\">\n	<li>Room Service (Limited Time)</li>\n	<li>Special occasion arrangement</li>\n	<li>Hot water available 24x7</li>\n	<li>Luggage storage</li>\n	<li>Laundry facilities</li>\n	<li>Ironing Service</li>\n	<li>Security Guard Timings - 24x7</li>\n	<li>CCTV camera installed on each floor</li>\n	<li>Doctor on Call</li>\n</ul>\n'),(6,3,'<p>Washrooms</p>\n\n<p>Campfire pit</p>\n\n<p>Luggage room</p>\n'),(7,2,'<ul>\n	<li>Welcome drink on arrival</li>\n	<li>Accomodation</li>\n	<li>Breakfast</li>\n	<li>Lunch or Dinner</li>\n	<li>Soft trekking in the resort</li>\n	<li>campfire ( weather permits )</li>\n</ul>\n'),(8,3,'<ul>\n	<li>Welcome drink on arrival</li>\n	<li>Accomodation</li>\n	<li>Breakfast</li>\n	<li>Lunch or Dinner</li>\n	<li>Soft trekking in the resort</li>\n	<li>campfire ( weather permits )</li>\n</ul>\n'),(26,8,'<p><span style=\"color:rgb(108, 108, 108); font-family:arial,sans-serif; font-size:13.5pt\">Amenities, we simply cannot live without like water purifiers, 24-hours hot water, room heaters (but you should use the fire place instead), laundries and medical kit with attendant would make your life easier here. Coming to its food and services &ndash; the bungalow has its own team of trained chefs and housekeeping staff who work relentlessly to preserve the serenity of the environment.&nbsp;</span></p>\n'),(27,3,'<p>Tented Camps</p>\n\n<p>Wash Rooms</p>\n\n<p>Sleeping bags</p>\n\n<p>&nbsp;</p>\n'),(28,2,'<p>Wash Rooms</p>\n\n<p>Private Balcony&nbsp;</p>\n\n<p>Parking</p>\n\n<p>&nbsp;</p>\n'),(29,5,'<p><strong>. </strong>24-hrs running Hot/ Cold shower&nbsp;</p>\n\n<p>&bull; Cable LCD TV</p>\n\n<p>&bull; Wooden flooring</p>\n\n<p>&bull; Intercom phone</p>\n\n<p>&bull; Coffee/ Tea kettle&nbsp; Site-wide:</p>\n\n<p>&bull; Room service</p>\n\n<p>&bull; Multi cuisine Veg restaurant</p>\n\n<p>&bull; Lawn Dining&nbsp;</p>\n\n<p>&bull; Housekeeping</p>\n\n<p>&bull; In-house Laundry</p>\n\n<p>&bull; Parking</p>\n\n<p>&bull; Dormitory for drivers</p>\n\n<p>&bull; Garden &amp; nursery&nbsp;</p>\n'),(30,5,'<ol>\n	<li>Bedrooms with all modern facilities</li>\n	<li>24 hour supply of hot and cold water</li>\n	<li>Spacious bathrooms with bath tubs</li>\n	<li>Fully furnished rooms</li>\n	<li>LCD TV in rooms</li>\n	<li>Neat and clean surroundings</li>\n	<li>Room Service</li>\n</ol>\n'),(31,10,'<p>&nbsp;</p>\n\n<ul>\n	<li>&nbsp;Swimming pool&nbsp;</li>\n	<li>Free WiFi&nbsp;</li>\n	<li>Spa and wellness centre&nbsp;</li>\n	<li>Restaurant</li>\n</ul>\n'),(32,10,'<p>Multichannel TV</p>\n\n<p>24hr hot &amp; cold water system</p>\n\n<p>Laundry</p>\n\n<p>Multi cuisine Restaurant</p>\n\n<p>Conference Facility</p>\n\n<p>Organic Farms</p>\n\n<p>Yoga</p>\n\n<p>Free Wi-Fi</p>\n\n<p>Doctor on Call</p>\n\n<p>Room Service</p>\n'),(33,8,'<ul>\n	<li>Restaurant</li>\n	<li>Fitness Centre</li>\n	<li>Conference hall</li>\n	<li>Infinity Pool</li>\n	<li>Kids Playing Area</li>\n</ul>\n\n<p>&nbsp;</p>\n'),(34,10,'<p>&nbsp;</p>\n\n<p>The Travel Desk</p>\n\n<p>Hamocks and Swings</p>\n\n<p>Beach Umbrellas &amp; Beach Benches</p>\n\n<p>Health Club &amp; Multi Gym</p>\n\n<p>Swimming Pool</p>\n\n<p>The Cuisine</p>\n\n<p>The Conference Halls</p>\n\n<p>Ayurmana Spa</p>\n'),(35,11,'<p>Wi-fi</p>\n\n<p>Sun Terrace&nbsp;</p>\n\n<p>Kayaks</p>\n'),(36,11,'<p>Family Bedrooms</p>\n\n<p>Kitchen</p>\n\n<p>Reception Service</p>\n'),(37,11,'<p>Luxury Rooms</p>\n\n<p>Kitchen</p>\n\n<p>Wi - Fi&nbsp;</p>\n'),(38,9,'<ul>\n	<li>TV</li>\n	<li>Intercom</li>\n	<li>Wi-Fi</li>\n	<li>24 hours Hot and Cold Water</li>\n	<li>Tea/Coffee maker</li>\n	<li>Attached Bathrooms</li>\n	<li>Yoga mat</li>\n	<li>Travel desk</li>\n	<li>Taxi service</li>\n	<li>Doctor on call</li>\n	<li>Credit Card accepted.</li>\n	<li>Laundry Service</li>\n</ul>\n'),(39,5,'<ul>\n	<li>Restaurant&nbsp;</li>\n	<li>Hot Water</li>\n	<li>Attached Bathroom</li>\n	<li>Front office wifi</li>\n	<li>24 hours security</li>\n	<li>&nbsp;Power backup&nbsp;</li>\n	<li>&nbsp;Tea /coffee kettle in room and</li>\n	<li>Drinking&nbsp;water.&nbsp;</li>\n</ul>\n'),(40,3,'<ul>\n	<li>King size bed with cot&nbsp;</li>\n	<li>Attached Bathrooms</li>\n	<li><span style=\"font-size:14px\"><span style=\"color:rgb(65, 65, 65); font-family:signika,sans-serif\">Pedestrial&nbsp;fan</span></span></li>\n	<li><span style=\"font-size:14px\"><span style=\"color:rgb(65, 65, 65); font-family:signika,sans-serif\">Tea / coffee kettle with sachets</span></span></li>\n	<li><span style=\"font-size:14px\"><span style=\"color:rgb(65, 65, 65); font-family:signika,sans-serif\">&nbsp;Intercom&nbsp;service</span></span></li>\n	<li><span style=\"font-size:14px\"><span style=\"color:rgb(65, 65, 65); font-family:signika,sans-serif\">&nbsp;24 hours power back up &amp; Security.</span></span></li>\n</ul>\n'),(41,8,'<ul>\n	<li>24 Hr Coffee shop</li>\n	<li>90 cover Multi cuisine Restaurant</li>\n	<li>Open Terrace Gazebo dining</li>\n	<li>250 pax conference hall|Board room</li>\n	<li>Gift and Souvenir shop</li>\n	<li>Swimming Pool and child pool</li>\n	<li>Automated heated pool</li>\n	<li>Badminton Court</li>\n	<li>Yoga and Meditation Centre</li>\n	<li>Ayur Spa</li>\n	<li>Recreation Centre</li>\n</ul>\n'),(42,8,'<ul>\n	<li>Multi Cuisine Restaurant</li>\n	<li>Room Service</li>\n	<li>Candle Light Dinner</li>\n	<li>Conference Hall &amp; Boardrooms</li>\n	<li>Outdoor Parties/Bon-Fire</li>\n	<li>Spices Shop</li>\n	<li>Games &amp; Recreation</li>\n	<li>Thrilling Activities At The Resort</li>\n</ul>\n'),(43,2,'<ul>\n	<li>Hot Water</li>\n	<li>Television</li>\n	<li>Complimentary Breakfast</li>\n</ul>\n\n<ul>\n	<li>Wardrobe</li>\n	<li>Room Service</li>\n	<li>Laundry Service</li>\n</ul>\n'),(44,8,'<ul>\n	<li>Hot Water</li>\n	<li>Television</li>\n	<li>Wardrobe</li>\n	<li>Room Service</li>\n	<li>Laundry Service</li>\n</ul>\n'),(45,5,'<ul>\n	<li>Minibar</li>\n	<li>&nbsp;WiFi</li>\n	<li>&nbsp;Tea/coffee Maker</li>\n	<li>&nbsp;LCD TV</li>\n	<li>&nbsp;Room Service</li>\n	<li>&nbsp;24 hr Hot Water supply</li>\n	<li>Doctor on Call Services</li>\n	<li>Ayurvedic Health Care Facilities&nbsp;</li>\n</ul>\n'),(11,8,'<ul>\n	<li>Restrauant</li>\n	<li>Swimming Pool</li>\n	<li>Coffee Kettle</li>\n</ul>\n'),(46,6,'<p>&bull;&nbsp;&nbsp;&nbsp;&nbsp;&nbsp;&nbsp;&nbsp;&nbsp;&nbsp; 4 well furnished spacious en-suite rooms with attached modern toilets</p>\n\n<p>&bull;&nbsp;&nbsp;&nbsp;&nbsp;&nbsp;&nbsp;&nbsp;&nbsp;&nbsp; Each room has a huge space of 300 to 450 sqft</p>\n\n<p>&bull;&nbsp;&nbsp;&nbsp;&nbsp;&nbsp;&nbsp;&nbsp;&nbsp;&nbsp; LCD TV with cable connection with all major channels</p>\n\n<p>&bull;&nbsp;&nbsp;&nbsp;&nbsp;&nbsp;&nbsp;&nbsp;&nbsp;&nbsp; Round the clock hot and cold water facility</p>\n\n<p>&bull;&nbsp;&nbsp;&nbsp;&nbsp;&nbsp;&nbsp;&nbsp;&nbsp;&nbsp; Laundry service</p>\n\n<p>&bull;&nbsp;&nbsp;&nbsp;&nbsp;&nbsp;&nbsp;&nbsp;&nbsp;&nbsp; Doctor on call</p>\n'),(47,6,'<ul>\n	<li><span style=\"color:rgb(0, 0, 0); font-family:acaslonpro-regular; font-size:16px\">Safe deposit locker&nbsp;</span></li>\n	<li><span style=\"color:rgb(0, 0, 0); font-family:acaslonpro-regular; font-size:16px\">Tea / coffee maker&nbsp;</span></li>\n	<li><span style=\"color:rgb(0, 0, 0); font-family:acaslonpro-regular; font-size:16px\">Hair Dryer&nbsp;</span></li>\n	<li><span style=\"color:rgb(0, 0, 0); font-family:acaslonpro-regular; font-size:16px\">Hot and cold water&nbsp;</span></li>\n	<li><span style=\"color:rgb(0, 0, 0); font-family:acaslonpro-regular; font-size:16px\">Glass Bottle Packaged Drinking Water&nbsp;</span></li>\n	<li><span style=\"color:rgb(0, 0, 0); font-family:acaslonpro-regular; font-size:16px\">Dental kit&nbsp;</span></li>\n	<li><span style=\"color:rgb(0, 0, 0); font-family:acaslonpro-regular; font-size:16px\">Shaving Kit&nbsp;</span></li>\n	<li><span style=\"color:rgb(0, 0, 0); font-family:acaslonpro-regular; font-size:16px\">Comb&nbsp;</span></li>\n	<li><span style=\"color:rgb(0, 0, 0); font-family:acaslonpro-regular; font-size:16px\">Footwear&nbsp;</span></li>\n	<li><span style=\"color:rgb(0, 0, 0); font-family:acaslonpro-regular; font-size:16px\">Bathrobe</span></li>\n</ul>\n'),(48,6,'<ul>\n	<li><span style=\"color:rgb(0, 0, 0); font-family:acaslonpro-regular; font-size:16px\">Ayurveda centre</span></li>\n	<li><span style=\"color:rgb(0, 0, 0); font-family:acaslonpro-regular; font-size:16px\">Business centre</span></li>\n	<li><span style=\"color:rgb(0, 0, 0); font-family:acaslonpro-regular; font-size:16px\">Tea lounge</span></li>\n	<li><span style=\"color:rgb(0, 0, 0); font-family:acaslonpro-regular; font-size:16px\">Performance stage&nbsp;</span></li>\n	<li><span style=\"color:rgb(0, 0, 0); font-family:acaslonpro-regular; font-size:16px\">Pier dining</span></li>\n	<li><span style=\"color:rgb(0, 0, 0); font-family:acaslonpro-regular; font-size:16px\">3 restaurants (We serve Alcohol)&nbsp;</span></li>\n	<li><span style=\"color:rgb(0, 0, 0); font-family:acaslonpro-regular; font-size:16px\">Gym</span></li>\n	<li><span style=\"color:rgb(0, 0, 0); font-family:acaslonpro-regular; font-size:16px\">Shop</span></li>\n	<li><span style=\"color:rgb(0, 0, 0); font-family:acaslonpro-regular; font-size:16px\">Wi-Fi&nbsp;</span></li>\n	<li><span style=\"color:rgb(0, 0, 0); font-family:acaslonpro-regular; font-size:16px\">Swimming pool&nbsp;</span></li>\n	<li><span style=\"color:rgb(0, 0, 0); font-family:acaslonpro-regular; font-size:16px\">Bicycles to explore Fort Kochi&nbsp;</span></li>\n	<li><span style=\"color:rgb(0, 0, 0); font-family:acaslonpro-regular; font-size:16px\">Boat</span></li>\n</ul>\n'),(49,6,'<ul>\n	<li><span style=\"color:rgb(0, 0, 0); font-family:acaslonpro-regular; font-size:16px\">Safe Deposit Locker&nbsp;</span></li>\n	<li><span style=\"color:rgb(0, 0, 0); font-family:acaslonpro-regular; font-size:16px\">Tea / Coffee Maker&nbsp;</span></li>\n	<li><span style=\"color:rgb(0, 0, 0); font-family:acaslonpro-regular; font-size:16px\">Hair Dryer&nbsp;</span></li>\n	<li><span style=\"color:rgb(0, 0, 0); font-family:acaslonpro-regular; font-size:16px\">Hot and Cold Water&nbsp;</span></li>\n	<li><span style=\"color:rgb(0, 0, 0); font-family:acaslonpro-regular; font-size:16px\">Glass Bottle Packaged Drinking Water&nbsp;</span></li>\n	<li><span style=\"color:rgb(0, 0, 0); font-family:acaslonpro-regular; font-size:16px\">Dental Kit&nbsp;</span></li>\n	<li><span style=\"color:rgb(0, 0, 0); font-family:acaslonpro-regular; font-size:16px\">Shaving Kit&nbsp;</span></li>\n	<li><span style=\"color:rgb(0, 0, 0); font-family:acaslonpro-regular; font-size:16px\">Comb&nbsp;</span></li>\n	<li><span style=\"color:rgb(0, 0, 0); font-family:acaslonpro-regular; font-size:16px\">Footwear&nbsp;</span></li>\n	<li><span style=\"color:rgb(0, 0, 0); font-family:acaslonpro-regular; font-size:16px\">Bathrobe&nbsp;</span></li>\n	<li><span style=\"color:rgb(0, 0, 0); font-family:acaslonpro-regular; font-size:16px\">Left Luggage Facility</span></li>\n</ul>\n'),(50,5,'<ul>\n	<li>Double beds</li>\n	<li>Television</li>\n	<li>Hot Water</li>\n	<li>Attached bathrooms</li>\n</ul>\n'),(51,3,'<ul>\n	<li>Sharing Tents / Cottage</li>\n	<li>Wash Rooms</li>\n	<li>Parking</li>\n</ul>\n\n<p>&nbsp;</p>\n'),(52,2,'<ul>\n	<li>Attached Bathrooms</li>\n	<li>Parking</li>\n	<li>Hot water</li>\n</ul>\n'),(53,6,'<ul>\n	<li>24Hrs Guest Assistance</li>\n	<li>Wi - Fi</li>\n	<li>Laundry&nbsp;</li>\n	<li>Doctor On Call</li>\n</ul>\n'),(54,4,'<ul>\n	<li>Washrooms</li>\n	<li>Parking</li>\n	<li>Dining Area</li>\n</ul>\n'),(55,10,'<ul>\n	<li>Kitchen</li>\n	<li>Bath Attached Bed Rooms</li>\n	<li>Television</li>\n</ul>\n'),(56,2,'<ul>\n	<li>Wash rooms</li>\n	<li>Parking</li>\n	<li>Natural Toiletries&nbsp;</li>\n</ul>\n'),(57,9,'<ul>\n	<li>3 Master Bedrooms</li>\n	<li>Dining Area</li>\n	<li>Washrooms</li>\n</ul>\n'),(58,8,'<ul>\n	<li>Well equiped Kitchen</li>\n	<li>Fire Place</li>\n	<li>Toast Maker</li>\n	<li>Microvave&nbsp;</li>\n	<li>Refrigerator&nbsp;</li>\n</ul>\n'),(16,6,'<ul style=\"list-style-type:circle\">\n	<li>Free Parking</li>\n	<li>Breakfast included</li>\n	<li>Non-Smoking Hotel</li>\n	<li>Restaurant</li>\n	<li>Family Rooms</li>\n	<li>Multilingual Staff</li>\n	<li>Shuttle Bus Service</li>\n</ul>\n');
/*!40000 ALTER TABLE `tbl_exp_stays_aminities` ENABLE KEYS */;
UNLOCK TABLES;

--
-- Table structure for table `tbl_exp_stays_detail`
--

DROP TABLE IF EXISTS `tbl_exp_stays_detail`;
/*!40101 SET @saved_cs_client     = @@character_set_client */;
/*!40101 SET character_set_client = utf8 */;
CREATE TABLE `tbl_exp_stays_detail` (
  `id` int(11) NOT NULL AUTO_INCREMENT,
  `exp_cat_id` int(11) DEFAULT NULL,
  `destination_id` int(11) DEFAULT NULL,
  `hand_picked_pkg` int(11) NOT NULL DEFAULT 0,
  `title` varchar(2000) DEFAULT NULL,
  `pg_title` text DEFAULT NULL,
  `pg_desc` text DEFAULT NULL,
  `descr` text DEFAULT NULL,
  `price` float DEFAULT NULL,
  `cover_img` varchar(2000) DEFAULT NULL,
  `banner_img` varchar(2000) DEFAULT NULL,
  `theme` varchar(500) DEFAULT NULL,
  `location_type` varchar(500) DEFAULT NULL,
  `suitable_for` varchar(500) DEFAULT NULL,
  `meal_type` varchar(500) DEFAULT NULL,
  `stays` varchar(500) DEFAULT NULL,
  `created_date` datetime NOT NULL,
  `node_order` int(11) NOT NULL,
  PRIMARY KEY (`id`)
) ENGINE=InnoDB AUTO_INCREMENT=59 DEFAULT CHARSET=latin1;
/*!40101 SET character_set_client = @saved_cs_client */;

--
-- Dumping data for table `tbl_exp_stays_detail`
--

LOCK TABLES `tbl_exp_stays_detail` WRITE;
/*!40000 ALTER TABLE `tbl_exp_stays_detail` DISABLE KEYS */;
INSERT INTO `tbl_exp_stays_detail` VALUES (7,2,9,0,'Jungle Tree House Munnar','seo','seo','Sleep in a tree house in the middle of woods',7000,'http://holidayhawks.in/uploads/153.jpg','http://holidayhawks.in/uploads/1073.jpg','Honeymoon','Forest','Couples','Map','Tree house','2018-09-25 15:02:35',5),(8,3,9,0,'Jungle Safari Tents','se','o','Luxury Safari Tents Munnar',5500,'http://holidayhawks.in/uploads/141.jpg','http://holidayhawks.in/uploads/187.jpg','Adventure + Leisure','Forest','All','MAP','Safari Tents','2018-10-12 09:40:41',6),(9,9,19,0,'Traditional Earth Resort','ff','ff','Eco Natural Mud Resort Wayanad',8000,'http://holidayhawks.in/uploads/271.jpg','http://holidayhawks.in/uploads/roomsbanner_img.jpg','Experiential Luxury','Hill','All','MAP','Mud Resort','2018-10-16 07:13:58',7),(10,8,19,0,'Vythiri Plantation Luxury Cottage','ff','ff','Luxury Plantation Cottage Vythiri',8000,'http://holidayhawks.in/uploads/21756600.jpg','http://holidayhawks.in/uploads/image_651_14642657231.jpg','Luxury + Leisure','Forest & Plantation','All','MAP','Plantation Cottage','2018-10-16 08:17:57',8),(11,8,19,0,' Plantation Luxury Resort Wayanad','jj','nn','Wayanad Plantation Resort',6000,'http://holidayhawks.in/uploads/281.jpg','http://holidayhawks.in/uploads/201711Fri2211163.jpg','Experiential Plantation Stay','Hillstation','All','MAP','Plantation Log Houses','2018-10-16 10:01:16',9),(12,8,20,0,'Luxury Plantation Retreat Thekkady','bb','bb','Luxury Plantation Villa Thekkady',10000,'http://holidayhawks.in/uploads/118.jpg','http://holidayhawks.in/uploads/Aanavilasam - 11.jpg','Leisure + Luxury','Plantation','All','CP','Luxury Villas','2018-10-23 16:35:33',10),(13,5,20,0,'Plantation Cottage Thekkady','hh','uu','Thekkady Plantation Cottage',4500,'http://holidayhawks.in/uploads/311.jpg','http://holidayhawks.in/uploads/WhatsApp Image 2018-06-19 at 2.02.07 PM.jpeg','Leisure Tours','Village','All','CP','Cottage Villa','2018-10-23 16:50:34',11),(14,5,9,0,'Luxury Plantation Cottage','kfm','dd','Luxury Plantation Cottage',6500,'http://holidayhawks.in/uploads/1815.jpg','http://holidayhawks.in/uploads/gallery-banner1.jpg','Luxury + Leisure','Plantation','All','CP','Luxury Cottages','2018-10-24 07:21:33',12),(15,8,9,0,'Bamboo Hut Plantation Log House ','ertg,vs','sg','Experiential Plantation Log House Munnar',5000,'http://holidayhawks.in/uploads/410.jpg','http://holidayhawks.in/uploads/tariff1.jpg','Experiential Plantation Stay','Plantation','All','CP','Plantation Log Houses','2018-10-24 07:33:39',13),(16,6,9,0,'British Tea Bungalow Munnar','jj','jj','Colonial British Bungalow Munnar',6000,'http://holidayhawks.in/uploads/56.jpg','http://holidayhawks.in/uploads/talayarbungalow1.jpg','Honeymoon','Hillstation','Couples','Map','Heritage Bungalow','2018-10-24 07:43:07',14),(17,5,9,0,'Honeymoon Plantation Cottage Munnar','hgghdshjcb','hnsd','Private Honeymoon Plantation Cottage',3500,'http://holidayhawks.in/uploads/91.jpg','http://holidayhawks.in/uploads/WhatsApp Image 2018-06-18 at 1.24.27 PM.jpeg','Honeymoon','Plantations','All','CP','Cottages','2018-10-24 07:58:03',15),(18,2,9,0,'Plantation Tree house Baison Valley','sdkhdb','diun','Luxury Plantation Tree House Baison Valley',4000,'http://holidayhawks.in/uploads/119.jpg','http://holidayhawks.in/uploads/bridge-hanging-munnar1.jpg','Honeymoon','Plantations','Couples','MAP','Tree house','2018-10-24 08:10:39',16),(19,2,9,0,'Plantation Tree House by the River','hhdh','hhhd','Plantation Tree House by the River',4000,'http://holidayhawks.in/uploads/122.jpg','http://holidayhawks.in/uploads/751343602.jpg','Honeymoon','Plantations','Couples','CP','Tree house','2018-10-24 08:17:03',17),(20,5,9,0,'Colonial Plantation Cottage Munnar','KK','JJ','Colonial Style Plantation Cottage Munnar',1800,'http://holidayhawks.in/uploads/201.jpg','http://holidayhawks.in/uploads/madhumanthra-resort-munnar-92.jpg','Family','Plantations','All','CP','Cottages','2018-10-24 10:27:10',18),(21,8,9,0,'Hill View Plantation Resort','bbc','gdbdb','Hill View Plantation Resort Munnar',1800,'http://holidayhawks.in/uploads/231.jpg','http://holidayhawks.in/uploads/spice-country-resort-munnar-62.jpg','Family','Plantations','Family','CP','Plantation Resort','2018-10-24 10:33:48',19),(22,8,9,0,'Luxury Plantation Cottage Munnar','kkkd','nnn','Luxury Plantation Honeymoon Cottage',5000,'http://holidayhawks.in/uploads/241.jpg','http://holidayhawks.in/uploads/sjc_ttr_slide_0021.jpg','Leisure Tours','Plantations','All','CP','Plantation Log Houses','2018-10-24 11:00:01',20),(23,5,9,0,'Tea Plantation Cottage Munnar','k','mm','Hill View Tea Plantation Cottage Munnar',5500,'http://holidayhawks.in/uploads/251.jpg','http://holidayhawks.in/uploads/horizon11.jpg','Luxury + Leisure','Plantations','All','CP','Cottages','2018-10-24 11:05:23',21),(24,5,9,0,'Experiential Rock Cottage','kkk','lll','Experiential Rock Cottage Munnar',1500,'http://holidayhawks.in/uploads/291.jpg','http://holidayhawks.in/uploads/WhatsApp Image 2018-05-15 at 52.jpeg','Adventure','Forest','Young Adults','CP','Rock Cottages','2018-10-24 11:14:18',22),(26,6,9,0,'Tea Estate Bungalow','fff','h','150 Year old British Tea Bungalow',7500,'http://holidayhawks.in/uploads/264.jpg','http://holidayhawks.in/uploads/5e0805ab-aa8d-4bb1-9034-c62a6b9372cb1.jpg','Honeymoon','Hillstation','family','CP','Plantation Bungalow','2018-11-01 10:17:12',24),(27,3,9,0,'Camp over Cloud','f','f','Camp over the Clouds',2800,'http://holidayhawks.in/uploads/64.jpg','http://holidayhawks.in/uploads/WhatsApp Image 2018-09-12 at 10.32.01 PM.jpeg','Adventure','Hillstation','Youths','MAP','Tented Camps','2018-11-02 13:55:16',25),(28,2,9,0,'Coffee Plantation Treehouse','m','l','Experience the Coffee Plantation Tree house',3000,'http://holidayhawks.in/uploads/81.jpg','http://holidayhawks.in/uploads/IMG-1723.jpg','family','Plantations','All','CP','Tree house','2018-11-02 14:16:00',26),(29,5,9,0,'Plantation Retreat','v','v','Strawberry Plantation Cottage',4500,'http://holidayhawks.in/uploads/213.jpg','http://holidayhawks.in/uploads/Strawberry_Farm.jpg','Family','Plantations','All','CP','Cottages','2018-11-02 14:34:44',27),(30,5,9,0,'Lake Side Cottage','v','v','Lake Side Cottage',3000,'http://holidayhawks.in/uploads/161.jpg','http://holidayhawks.in/uploads/635186625407916812.jpg','Family','Water front','All','CP','Lake Side Cottage','2018-11-02 14:45:48',28),(31,10,15,0,'Lake View Premium Villa','l','l','Lake View Premium Villa',6000,'http://holidayhawks.in/uploads/171.jpg','http://holidayhawks.in/uploads/125989009.jpg','Honeymoon','Wterfront','All','CP','Water front Villa','2018-11-08 12:27:42',29),(32,10,26,0,'Luxury river front villa','h','j','Luxury river front villa',2500,'http://holidayhawks.in/uploads/191.jpg','http://holidayhawks.in/uploads/bedroom-1.jpg','Family','River Front','All','CP','Cottages','2018-11-21 07:32:25',30),(33,8,27,0,'Athirappilly Plantation Resort','m','mm','Experiential Plantation Resort',7500,'http://holidayhawks.in/uploads/212.jpg','http://holidayhawks.in/uploads/109196822.jpg','Experiential Plantation Stay','Plantations','All','CP','Plantation Log Houses','2018-11-21 07:51:16',31),(34,10,26,0,'Cherai Beach Front Villa','f','f','Experiential Beach Front Villa',5000,'http://holidayhawks.in/uploads/reservation-banner.jpg','http://holidayhawks.in/uploads/cherai-banner-03.jpg','Beach Front Villa','Beach Front','Couples','CP','Beach Cottage','2018-11-21 08:13:54',32),(35,11,15,0,'House Boats','h','h','Experiential Backwater Cruise',30000,'http://holidayhawks.in/uploads/131.jpg','http://holidayhawks.in/uploads/gallery-img-popup-3.jpg','Honeymoon','Backwaters','Couples','AP','House Boats','2018-11-21 09:55:28',33),(36,11,15,0,'Deluxe Houseboat','jj','gg','Experiential Houseboat',12500,'http://holidayhawks.in/uploads/101.jpg','http://holidayhawks.in/uploads/109832554.jpg','Family','Backwaters','All','AP','House Boats','2018-11-21 10:07:35',34),(37,11,15,0,'Premium Backwater Cruise ','h','n','Premium Backwater Cruise',24000,'http://holidayhawks.in/uploads/222.jpg','http://holidayhawks.in/uploads/houseboat1.jpg','Family','Backwaters','All','AP','House Boats','2018-11-21 10:16:24',35),(38,9,9,0,'Munnar Farm Cottage','de','dd','Experiential Farm Cottage Munnar',4000,'http://holidayhawks.in/uploads/JAK_7931.jpg','http://holidayhawks.in/uploads/JAK_8377.jpg','Family','Farm Stay','All','CP','Farm Cottage','2018-12-19 11:00:34',36),(39,5,9,0,'Munnar Rock Cottage','c','c','Riverside Rock Cottage Munnar',3500,'http://holidayhawks.in/uploads/1163154_16071801150044739693.jpg','http://holidayhawks.in/uploads/751249801.jpg','Kerala Weekend Plan','River Side','Youths','MAP','Rock Cottages','2018-12-19 11:31:00',37),(40,3,9,0,'River side Luxury Tent','ddd','dd','Riverside Luxury Tent Munnar',4000,'http://holidayhawks.in/uploads/5428443249d611e691945ee5da2daa2a.jpg','http://holidayhawks.in/uploads/751343604.jpg','Adventure','Plantations','Youths','MAP','Tented Camps','2018-12-19 11:50:43',38),(41,8,9,0,'Luxury Plantation Resort ','ff','dd','Luxury Plantation Resort by Waterfalls',4000,'http://holidayhawks.in/uploads/412.jpg','http://holidayhawks.in/uploads/215.jpg','Experiential Plantation Stay','Plantations','Couples','CP','Plantation Resort','2018-12-19 12:54:19',39),(42,8,9,0,'Waterfall Plantation Cottage','ff','ff','Plantation Cottage by the Waterfalls ',3000,'http://holidayhawks.in/uploads/73679512.jpg','http://holidayhawks.in/uploads/73679549.jpg','Honeymoon','Plantations','Couples','CP','Plantation Cottage','2018-12-19 13:43:58',40),(43,2,9,0,'Chinnakanal Plantation Treehose','hh','hh','Luxury Plantation Tree house Munnar',4000,'http://holidayhawks.in/uploads/Tree House2.jpg','http://holidayhawks.in/uploads/IMG_1695-HDR.jpg','Experiential Plantation Stay','Plantations','Couples','CP','Tree house','2018-12-20 07:20:03',41),(44,8,9,0,'Plantation Cottage Chinnakanal','bdb','ydh','Chinnakanal Plantation Cottage',2000,'http://holidayhawks.in/uploads/IMG_1893.jpg','http://holidayhawks.in/uploads/IMG_1658.jpg','Honeymoon','Plantations','Couples','CP','Plantation Cottage','2018-12-20 07:34:31',42),(45,5,9,0,'Premium Hill view Honeymoon Villa','ff','fff','Premium Honeymoon Villa Munnar',3500,'http://holidayhawks.in/uploads/A(1)1.jpg','http://holidayhawks.in/uploads/c2.jpg','Honeymoon','Hillstation','Couples','CP','Premium Villa','2018-12-20 08:01:52',43),(46,6,19,0,'Meenmutty Heritage Bungalow','hfhh','hhh','55 year Heritage Bungalow Meenmutty',5000,'http://holidayhawks.in/uploads/71431082.jpg','http://holidayhawks.in/uploads/71431089.jpg','Family','Forest & Hills','Family','CP','Heritage Bungalow','2018-12-20 11:10:30',44),(47,6,26,0,'British Colonial Style Bungalow Kochi','ff','ff','British Colonial Bungalow Kochi',5500,'http://holidayhawks.in/uploads/20170212231400PMbeachabtslider4.jpg','http://holidayhawks.in/uploads/20170616191647PMbeachgatebungalow-artdecobuilding.jpg','Honeymoon','Countryside','All','CP','Heritage Bungalow','2018-12-26 06:54:13',45),(48,6,26,0,'Lake side Bungalow Kochi','ff','jjj','British Style Lake Side Bungalow Kochi',5500,'http://holidayhawks.in/uploads/_aboutslider44.jpg','http://holidayhawks.in/uploads/20170602063322AMbruntonboatyardfromwater1.jpg','Family','Lake Side','All','CP','Heritage Bungalow','2018-12-26 07:11:50',46),(49,6,26,0,'Bastion Beach House','fhf','ff','Bastion Beach House Kochi',3000,'http://holidayhawks.in/uploads/20170324104824AMbastion-room-with-private-terracecrop.jpg','http://holidayhawks.in/uploads/private terrace room.jpg','Family','Beach Side','All','CP','Beach House','2018-12-26 07:30:32',47),(50,5,26,0,'Riverside Cottage Kochi','jfj','jjj','Riverside Ayurveda Cottage',1500,'http://holidayhawks.in/uploads/925796653s.jpg','http://holidayhawks.in/uploads/g1.jpg','Family','River Front','All','CP','River Front Cottages','2018-12-26 08:12:44',48),(51,3,19,0,'Wayanad Forest Camp','hhf','cjncjn','Forest Camp by the River',2500,'http://holidayhawks.in/uploads/WhatsApp Image 2018-09-06 at 9.54.20 PM (1).jpeg','http://holidayhawks.in/uploads/WhatsApp Image 2018-09-06 at 9.54.14 PM.jpeg','Adventure','Forest','Youths','MAP','Tented Camps','2018-12-26 09:41:57',49),(52,2,19,0,'Luxury Plantation Tree house Wayanad','dd','dd','Wayanad Plantation Tree House',6000,'http://holidayhawks.in/uploads/11822483_1108378972524538_6639867046609557458_n.jpg','http://holidayhawks.in/uploads/11012461_1108378289191273_1883396947495004647_n3.jpg','Honeymoon','Plantations','Couples','CP','Tree house','2018-12-26 09:56:29',50),(53,6,19,0,'Experiential Heritage Home Wayanad','jjj','jjj','Wayanad Heritage Resort',3000,'http://holidayhawks.in/uploads/twin_room.png','http://holidayhawks.in/uploads/sitoutchair.png','Family','Hillstation','Family','CP','Heritage Bungalow','2018-12-26 10:18:24',51),(54,4,19,0,'Wayanad Forest Cottage','ccc','cc','Forest Cottage Wayanad',3000,'http://holidayhawks.in/uploads/WhatsApp Image 2018-05-02 at 11.jpeg','http://holidayhawks.in/uploads/WhatsApp Image 2018-05-02 at 1.45.55 PM (4).jpeg','Honeymoon','Forest','All','CP','Forest Cottage','2018-12-26 10:39:33',52),(55,10,26,0,'Beach Side Villa Kochi','vv','vv','Experiential Beach Side Villa Kochi',3000,'http://holidayhawks.in/uploads/115443252.jpg','http://holidayhawks.in/uploads/115444501.jpg','Family','Beach Front','All','CP','Beach House','2018-12-26 10:58:33',53),(56,2,20,0,'Jungle Tree House Thekkady','gg','hh','Thekkady Jungle Tree House',8000,'http://holidayhawks.in/uploads/561.jpg','http://holidayhawks.in/uploads/index-banner2.jpg','Honeymoon','Forest','Couples','MAP','Tree house','2018-12-26 11:20:16',54),(57,9,20,0,'Farm House Thekkady','ff','fff','Thekkady Farm House',2000,'http://holidayhawks.in/uploads/104970960.jpg','http://holidayhawks.in/uploads/104970893.jpg','Family','Farm Stay','All','CP','Farm Cottage','2018-12-26 13:00:52',55),(58,8,20,0,'Lake side Plantation Bungalow ','Lake side Plantation Bungalow ','Lake side Plantation Bungalow ','Lake side Plantation Bungalow  Thekkady',5000,'http://holidayhawks.in/uploads/81718679.jpg','http://holidayhawks.in/uploads/1272017057.jpg','Family','Plantations','All','MAP','Plantation Bungalow','2018-12-27 06:57:12',56);
/*!40000 ALTER TABLE `tbl_exp_stays_detail` ENABLE KEYS */;
UNLOCK TABLES;

--
-- Table structure for table `tbl_exp_stays_gallery`
--

DROP TABLE IF EXISTS `tbl_exp_stays_gallery`;
/*!40101 SET @saved_cs_client     = @@character_set_client */;
/*!40101 SET character_set_client = utf8 */;
CREATE TABLE `tbl_exp_stays_gallery` (
  `id` int(11) NOT NULL AUTO_INCREMENT,
  `exp_id` int(11) NOT NULL,
  `exp_cat_id` int(11) NOT NULL,
  `file` varchar(2000) NOT NULL,
  `file_type` varchar(50) NOT NULL,
  `status` int(11) NOT NULL,
  PRIMARY KEY (`id`)
) ENGINE=InnoDB AUTO_INCREMENT=298 DEFAULT CHARSET=latin1;
/*!40101 SET character_set_client = @saved_cs_client */;

--
-- Dumping data for table `tbl_exp_stays_gallery`
--

LOCK TABLES `tbl_exp_stays_gallery` WRITE;
/*!40000 ALTER TABLE `tbl_exp_stays_gallery` DISABLE KEYS */;
INSERT INTO `tbl_exp_stays_gallery` VALUES (1,4,4,'http://holidayhawks.in/uploads/tree-041.jpg','image',1),(10,3,5,'http://holidayhawks.in/uploads/Jeep Safari.jpg','image',1),(11,3,5,'http://holidayhawks.in/uploads/Kayaking (1).jpg','image',1),(37,13,5,'http://holidayhawks.in/uploads/WhatsApp Image 2018-06-19 at 22.jpeg','image',1),(38,13,5,'http://holidayhawks.in/uploads/WhatsApp Image 2018-06-19 at 2.02.03 PM.jpeg','image',1),(39,13,5,'http://holidayhawks.in/uploads/WhatsApp Image 2018-06-19 at 2.02.04 PM.jpeg','image',1),(40,13,5,'http://holidayhawks.in/uploads/WhatsApp Image 2018-06-19 at 2.02.06 PM.jpeg','image',1),(41,14,5,'http://holidayhawks.in/uploads/ambady-1.jpg','image',1),(42,14,5,'http://holidayhawks.in/uploads/ambady-61.jpg','image',1),(43,14,5,'http://holidayhawks.in/uploads/ambady-7.jpg','image',1),(44,14,5,'http://holidayhawks.in/uploads/ambady-101.jpg','image',1),(45,15,8,'http://holidayhawks.in/uploads/img-4.jpg','image',1),(46,15,8,'http://holidayhawks.in/uploads/img-12.jpg','image',1),(47,15,8,'http://holidayhawks.in/uploads/img-13.jpg','image',1),(48,15,8,'http://holidayhawks.in/uploads/img-25.jpg','image',1),(49,15,8,'http://holidayhawks.in/uploads/img-16.jpg','image',1),(50,15,8,'http://holidayhawks.in/uploads/img-17.jpg','image',1),(51,15,8,'http://holidayhawks.in/uploads/img-21.jpg','image',1),(52,16,6,'http://holidayhawks.in/uploads/livin 1.jpg','image',1),(53,16,6,'http://holidayhawks.in/uploads/mangolia suite 2.jpg','image',1),(54,16,6,'http://holidayhawks.in/uploads/Morning Room.jpg','image',1),(55,16,6,'http://holidayhawks.in/uploads/royal 1.jpg','image',1),(56,16,6,'http://holidayhawks.in/uploads/royal 2.jpg','image',1),(57,16,6,'http://holidayhawks.in/uploads/Royal Suite.jpg','image',1),(58,16,6,'http://holidayhawks.in/uploads/thlayar3.JPG','image',1),(59,17,5,'http://holidayhawks.in/uploads/WhatsApp Image 2018-06-18 at 1.24.28 PM.jpeg','image',1),(60,17,5,'http://holidayhawks.in/uploads/WhatsApp Image 2018-06-18 at 1.24.37 PM.jpeg','image',1),(61,17,5,'http://holidayhawks.in/uploads/WhatsApp Image 2018-06-18 at 1.24.26 PM.jpeg','image',1),(62,17,5,'http://holidayhawks.in/uploads/WhatsApp Image 2018-06-18 at 1.24.41 PM (1).jpeg','image',1),(63,17,5,'http://holidayhawks.in/uploads/WhatsApp Image 2018-06-18 at 1.24.42 PM.jpeg','image',1),(64,18,2,'http://holidayhawks.in/uploads/Dreamcatcher-resort-munnar-campfire-area.jpg','image',1),(65,18,2,'http://holidayhawks.in/uploads/Dreamcatcher-resort-munnar-Fruit-tree.jpg','image',1),(66,18,2,'http://holidayhawks.in/uploads/Dreamcatcher-resort-munnar-teaplanatatio1.jpg','image',1),(67,18,2,'http://holidayhawks.in/uploads/treehouse2.jpg','image',1),(69,19,2,'http://holidayhawks.in/uploads/751297311.jpg','image',1),(70,19,2,'http://holidayhawks.in/uploads/751343601.jpg','image',1),(71,19,2,'http://holidayhawks.in/uploads/Cover pic1.jpg','image',1),(72,20,5,'http://holidayhawks.in/uploads/madhumanthra-resort-munnar-22.jpg','image',1),(73,20,5,'http://holidayhawks.in/uploads/campfire.jpg','image',1),(74,20,5,'http://holidayhawks.in/uploads/honeyrock12.jpg','image',1),(75,20,5,'http://holidayhawks.in/uploads/madhumanthra-resort-munnar-91.jpg','image',1),(76,20,5,'http://holidayhawks.in/uploads/Balcony1.jpg','image',1),(77,21,8,'http://holidayhawks.in/uploads/spice-country-resort-munnar1.jpg','image',1),(78,21,8,'http://holidayhawks.in/uploads/spice-country-resort-munnar-2.jpg','image',1),(79,21,8,'http://holidayhawks.in/uploads/spice-country-resort-munnar-3.jpg','image',1),(80,21,8,'http://holidayhawks.in/uploads/spice-country-resort-munnar-61.jpg','image',1),(81,22,8,'http://holidayhawks.in/uploads/sjc_safs_001_t3.jpg','image',1),(82,22,8,'http://holidayhawks.in/uploads/sjc_min_005_b2.jpg','image',1),(83,22,8,'http://holidayhawks.in/uploads/sjc_min_004_b2.jpg','image',1),(84,23,5,'http://holidayhawks.in/uploads/horizon.jpg','image',1),(85,23,5,'http://holidayhawks.in/uploads/family3.jpg','image',1),(86,23,5,'http://holidayhawks.in/uploads/horizon3.jpg','image',1),(87,23,5,'http://holidayhawks.in/uploads/mtcr-romantic-villa-11.jpg','image',1),(88,23,5,'http://holidayhawks.in/uploads/honeymoon31.jpg','image',1),(89,24,5,'http://holidayhawks.in/uploads/b7.jpg','image',1),(90,24,5,'http://holidayhawks.in/uploads/b8.jpg','image',1),(91,24,5,'http://holidayhawks.in/uploads/WhatsApp Image 2018-05-15 at 5.45.08 PM.jpeg','image',1),(92,24,5,'http://holidayhawks.in/uploads/WhatsApp Image 2018-05-15 at 5.45.15 PM.jpeg','image',1),(93,0,0,'http://holidayhawks.in/uploads','image',0),(104,25,10,'http://holidayhawks.in/uploads/042.jpg','image',1),(105,25,10,'http://holidayhawks.in/uploads/066.jpg','image',1),(106,25,10,'http://holidayhawks.in/uploads/023.jpg','image',1),(107,25,10,'http://holidayhawks.in/uploads/013.jpg','image',1),(108,25,10,'http://holidayhawks.in/uploads/055.jpg','image',1),(109,25,10,'http://holidayhawks.in/uploads/034.jpg','image',1),(110,25,10,'http://holidayhawks.in/uploads/082.jpg','image',1),(111,25,10,'http://holidayhawks.in/uploads/075.jpg','image',1),(117,7,2,'http://holidayhawks.in/uploads/263.jpg','image',1),(118,7,2,'http://holidayhawks.in/uploads/8 (1)1.jpg','image',1),(119,7,2,'http://holidayhawks.in/uploads/IMG_33723.JPG','image',1),(120,7,2,'http://holidayhawks.in/uploads/1043.jpg','image',1),(121,8,3,'http://holidayhawks.in/uploads/210.jpg','image',1),(122,8,3,'http://holidayhawks.in/uploads/tent110.jpg','image',1),(123,8,3,'http://holidayhawks.in/uploads/1814.jpg','image',1),(124,26,8,'http://holidayhawks.in/uploads/73d46bfd-b0ff-4d67-ab67-539530812d595.jpg','image',1),(125,26,8,'http://holidayhawks.in/uploads/5e0805ab-aa8d-4bb1-9034-c62a6b9372cb3.jpg','image',1),(126,27,3,'http://holidayhawks.in/uploads/WhatsApp Image 2018-09-12 at 10.32.48 PM.jpeg','image',1),(127,27,3,'http://holidayhawks.in/uploads/WhatsApp Image 2018-09-12 at 10.31.55 PM.jpeg','image',1),(128,27,3,'http://holidayhawks.in/uploads/WhatsApp Image 2018-09-12 at 101.jpeg','image',1),(129,27,3,'http://holidayhawks.in/uploads/WhatsApp Image 2018-09-12 at 10.33.13 PM.jpeg','image',1),(130,27,3,'http://holidayhawks.in/uploads/WhatsApp Image 2018-09-12 at 10.33.01 PM.jpeg','image',1),(131,27,3,'http://holidayhawks.in/uploads/WhatsApp Image 2018-09-12 at 10.33.14 PM.jpeg','image',1),(132,28,2,'http://holidayhawks.in/uploads/WhatsApp Image 2018-05-16 at 101.jpeg','image',1),(133,28,2,'http://holidayhawks.in/uploads/IMG-17531.jpg','image',0),(134,0,0,'http://holidayhawks.in/uploads','image',0),(135,28,2,'http://holidayhawks.in/uploads/IMG-17231.jpg','image',0),(136,0,0,'http://holidayhawks.in/uploads','image',0),(137,29,5,'http://holidayhawks.in/uploads/Cottage_From_Balcony1.jpg','image',1),(138,29,5,'http://holidayhawks.in/uploads/Cottage_Inside_11.jpg','image',1),(139,29,5,'http://holidayhawks.in/uploads/Cottage_Building_12.jpg','image',1),(140,29,5,'http://holidayhawks.in/uploads/Strawberry_Farm1.jpg','image',1),(141,30,5,'http://holidayhawks.in/uploads/636032907590264952.jpg','image',1),(142,30,5,'http://holidayhawks.in/uploads/635923092755498181.jpg','image',1),(143,30,5,'http://holidayhawks.in/uploads/636032860510268336.jpg','image',1),(144,30,5,'http://holidayhawks.in/uploads/636032908547472665.jpg','image',1),(145,31,10,'http://holidayhawks.in/uploads/125988959.jpg','image',1),(146,31,10,'http://holidayhawks.in/uploads/131383942.jpg','image',1),(147,31,10,'http://holidayhawks.in/uploads/123210289.jpg','image',1),(148,31,10,'http://holidayhawks.in/uploads/room2.jpg','image',1),(149,12,8,'http://holidayhawks.in/uploads/Aanavilasam - 12.jpg','image',1),(150,12,8,'http://holidayhawks.in/uploads/Private-pool-villa-1-11.jpg','image',1),(151,12,8,'http://holidayhawks.in/uploads/Presidential-suite1.jpg','image',1),(152,32,10,'http://holidayhawks.in/uploads/bedroom-11.jpg','image',1),(153,32,10,'http://holidayhawks.in/uploads/dining.jpg','image',1),(154,32,10,'http://holidayhawks.in/uploads/restaurant1.jpg','image',1),(155,32,10,'http://holidayhawks.in/uploads/spabath.jpg','image',1),(156,33,8,'http://holidayhawks.in/uploads/118746502.jpg','image',1),(157,33,8,'http://holidayhawks.in/uploads/116523606.jpg','image',1),(158,33,8,'http://holidayhawks.in/uploads/121130816.jpg','image',1),(159,33,8,'http://holidayhawks.in/uploads/121130856.jpg','image',1),(160,33,8,'http://holidayhawks.in/uploads/119002127.jpg','image',1),(161,34,10,'http://holidayhawks.in/uploads/doc-premium-banner1.jpg','image',1),(162,34,10,'http://holidayhawks.in/uploads/reservation-banner1.jpg','image',1),(163,34,10,'http://holidayhawks.in/uploads/cherai-banner-032.jpg','image',1),(164,35,11,'http://holidayhawks.in/uploads/gallery-img-popup-31.jpg','image',1),(165,35,11,'http://holidayhawks.in/uploads/gallery-img-popup-5.jpg','image',1),(166,35,11,'http://holidayhawks.in/uploads/gallery-img-popup-8.jpg','image',1),(167,36,11,'http://holidayhawks.in/uploads/1098325541.jpg','image',1),(168,36,11,'http://holidayhawks.in/uploads/1098323432.jpg','image',1),(169,36,11,'http://holidayhawks.in/uploads/109832556.jpg','image',1),(170,37,11,'http://holidayhawks.in/uploads/houseboat51.jpg','image',1),(171,37,11,'http://holidayhawks.in/uploads/58775838.jpg','image',1),(172,37,11,'http://holidayhawks.in/uploads/houseboat11.jpg','image',1),(173,38,9,'http://holidayhawks.in/uploads/6-restaurant1.jpg','image',1),(174,38,9,'http://holidayhawks.in/uploads/9-forest.jpg','image',1),(175,38,9,'http://holidayhawks.in/uploads/11-visitors.jpg','image',1),(176,38,9,'http://holidayhawks.in/uploads/JAK_83771.jpg','image',1),(177,38,9,'http://holidayhawks.in/uploads/JAK_8341.jpg','image',1),(178,39,5,'http://holidayhawks.in/uploads/751297313.jpg','image',1),(179,39,5,'http://holidayhawks.in/uploads/751343603.jpg','image',1),(180,39,5,'http://holidayhawks.in/uploads/75133538.jpg','image',1),(181,40,3,'http://holidayhawks.in/uploads/5428443249d611e691945ee5da2daa2a2.jpg','image',1),(182,40,3,'http://holidayhawks.in/uploads/tent1.webp','image',1),(183,40,3,'http://holidayhawks.in/uploads/751343605.jpg','image',1),(184,40,3,'http://holidayhawks.in/uploads/751335381.jpg','image',1),(185,41,8,'http://holidayhawks.in/uploads/511.jpg','image',1),(186,41,8,'http://holidayhawks.in/uploads/123.jpg','image',1),(187,41,8,'http://holidayhawks.in/uploads/132.jpg','image',1),(188,41,8,'http://holidayhawks.in/uploads/ElixirRoom3.jpg','image',1),(189,41,8,'http://holidayhawks.in/uploads/ElixirRoom7.jpg','image',1),(190,42,8,'http://holidayhawks.in/uploads/73679548.jpg','image',1),(191,42,8,'http://holidayhawks.in/uploads/736795491.jpg','image',1),(192,42,8,'http://holidayhawks.in/uploads/73679540.jpg','image',1),(193,42,8,'http://holidayhawks.in/uploads/73679518.jpg','image',1),(194,42,8,'http://holidayhawks.in/uploads/736795191.jpg','image',1),(195,42,8,'http://holidayhawks.in/uploads/736795421.jpg','image',1),(196,43,2,'http://holidayhawks.in/uploads/IMG_1652.jpg','image',1),(197,43,2,'http://holidayhawks.in/uploads/IMG_1695-HDR1.jpg','image',1),(198,43,2,'http://holidayhawks.in/uploads/Tree House Bed room1.jpg','image',1),(199,43,2,'http://holidayhawks.in/uploads/IMG_18281.jpg','image',1),(200,43,2,'http://holidayhawks.in/uploads/tree houseint 21.jpg','image',1),(201,44,8,'http://holidayhawks.in/uploads/Restaurant.jpg','image',1),(202,44,8,'http://holidayhawks.in/uploads/IMG_16391.jpg','image',1),(203,44,8,'http://holidayhawks.in/uploads/IMG_1761.jpg','image',1),(204,44,8,'http://holidayhawks.in/uploads/IMG_1783.jpg','image',1),(205,44,8,'http://holidayhawks.in/uploads/IMG_1698.jpg','image',1),(206,45,5,'http://holidayhawks.in/uploads/d (3).jpg','image',1),(207,45,5,'http://holidayhawks.in/uploads/d (1).jpg','image',1),(208,45,5,'http://holidayhawks.in/uploads/A(1)3.jpg','image',1),(209,45,5,'http://holidayhawks.in/uploads/d (7)1.jpg','image',1),(210,45,5,'http://holidayhawks.in/uploads/d (5).jpg','image',1),(211,9,9,'http://holidayhawks.in/uploads/EarthenResortInKerala-cofee1.jpg','image',1),(212,9,9,'http://holidayhawks.in/uploads/Loghut_Page_Tile31.jpg','image',1),(213,9,9,'http://holidayhawks.in/uploads/Loghut_Page_Tile2.jpg','image',1),(214,9,9,'http://holidayhawks.in/uploads/earth_rooms_in_wayanad1.jpg','image',1),(215,9,9,'http://holidayhawks.in/uploads/EarthRoom_Page_Carousel_2.jpg','image',1),(216,9,9,'http://holidayhawks.in/uploads/kerala_resorts2.jpg','image',1),(217,9,9,'http://holidayhawks.in/uploads/wayanad-resort-swimming-pool2.jpg','image',1),(218,10,8,'http://holidayhawks.in/uploads/honymoon1.jpg','image',1),(219,10,8,'http://holidayhawks.in/uploads/vythiri-resort1.jpg','image',1),(220,10,8,'http://holidayhawks.in/uploads/image_651_1464265723.jpg','image',1),(221,10,8,'http://holidayhawks.in/uploads/haven-011.jpg','image',1),(222,11,8,'http://holidayhawks.in/uploads/201711Fri221115.jpg','image',1),(223,11,8,'http://holidayhawks.in/uploads/201711Fri2211164.jpg','image',1),(224,11,8,'http://holidayhawks.in/uploads/201711Fri221121.jpg','image',1),(225,11,8,'http://holidayhawks.in/uploads/201711Fri221123.jpg','image',1),(226,11,8,'http://holidayhawks.in/uploads/201711Fri2211323.jpg','image',1),(227,11,8,'http://holidayhawks.in/uploads/201711Fri221145.jpg','image',1),(228,46,6,'http://holidayhawks.in/uploads/482560891.jpg','image',1),(229,46,6,'http://holidayhawks.in/uploads/714310891.jpg','image',1),(230,46,6,'http://holidayhawks.in/uploads/71431779.jpg','image',1),(231,46,6,'http://holidayhawks.in/uploads/71433853.jpg','image',1),(232,46,6,'http://holidayhawks.in/uploads/414067241.jpg','image',1),(233,47,6,'http://holidayhawks.in/uploads/20170130125535PMstaystoriespoolside.jpg','image',1),(234,47,6,'http://holidayhawks.in/uploads/20170130124344PMA31V1455.jpg','image',1),(235,47,6,'http://holidayhawks.in/uploads/20170616193602PMbeachgatebungalow-interiorliving1.jpg','image',1),(236,47,6,'http://holidayhawks.in/uploads/20171012154127PMbeachgatebungalow-bedrooms.jpg','image',1),(237,48,6,'http://holidayhawks.in/uploads/20170629084154AMBruntonBoatyard-About-Slider12.jpg','image',1),(238,48,6,'http://holidayhawks.in/uploads/sea face deluxe2.jpg','image',1),(239,48,6,'http://holidayhawks.in/uploads/Sea facing room1.jpg','image',1),(240,48,6,'http://holidayhawks.in/uploads/sea facing deluxe suite.jpg','image',1),(241,49,6,'http://holidayhawks.in/uploads/20170615140734PMEighthBastion-room1.jpg','image',1),(242,49,6,'http://holidayhawks.in/uploads/garden view bathroom.jpg','image',1),(243,49,6,'http://holidayhawks.in/uploads/bastion bathroom.jpg','image',1),(244,49,6,'http://holidayhawks.in/uploads/garden varandha room.jpg','image',1),(245,49,6,'http://holidayhawks.in/uploads/private terrace room2.jpg','image',1),(246,49,6,'http://holidayhawks.in/uploads/20170324104824AMbastion-room-with-private-terracecrop2.jpg','image',1),(247,50,5,'http://holidayhawks.in/uploads/_9854.jpeg','image',1),(248,50,5,'http://holidayhawks.in/uploads/27973629_10216499038732822_2124222653863745406_n.jpg','image',1),(249,50,5,'http://holidayhawks.in/uploads/g8.jpg','image',1),(250,50,5,'http://holidayhawks.in/uploads/gallery6.jpg','image',1),(251,50,5,'http://holidayhawks.in/uploads/gallery4.jpg','image',1),(252,50,5,'http://holidayhawks.in/uploads/g7.jpg','image',1),(253,51,3,'http://holidayhawks.in/uploads/WhatsApp Image 2018-09-06 at 9.54.24 PM (1).jpeg','image',1),(254,51,3,'http://holidayhawks.in/uploads/WhatsApp Image 2018-09-06 at 9.54.22 PM (1).jpeg','image',1),(255,51,3,'http://holidayhawks.in/uploads/rainforest (5).jpg','image',1),(256,51,3,'http://holidayhawks.in/uploads/WhatsApp Image 2018-09-06 at 9.54.17 PM.jpeg','image',1),(257,51,3,'http://holidayhawks.in/uploads/WhatsApp Image 2018-09-06 at 921.jpeg','image',1),(258,51,3,'http://holidayhawks.in/uploads/WhatsApp Image 2018-09-06 at 9.54.24 PM.jpeg','image',1),(259,51,3,'http://holidayhawks.in/uploads/WhatsApp Image 2018-09-06 at 9.54.26 PM.jpeg','image',1),(260,51,3,'http://holidayhawks.in/uploads/WhatsApp Image 2018-09-06 at 9.54.20 PM.jpeg','image',1),(261,51,3,'http://holidayhawks.in/uploads/WhatsApp Image 2018-09-06 at 9.54.25 PM.jpeg','image',1),(262,52,2,'http://holidayhawks.in/uploads/img_1597_anurag-mallick.jpg','image',1),(263,52,2,'http://holidayhawks.in/uploads/1c03c96894b91aa755ca3fda82efc5d97966172f.jpg','image',1),(264,52,2,'http://holidayhawks.in/uploads/23915686_1913916261970801_2676354448731623086_n2.jpg','image',1),(265,52,2,'http://holidayhawks.in/uploads/12341122_1175499879145780_2121083200353545838_n3.jpg','image',1),(266,52,2,'http://holidayhawks.in/uploads/11800201_1108380832524352_2206396886119916111_n5.jpg','image',1),(267,52,2,'http://holidayhawks.in/uploads/16143110_1537978406231257_6116852081725040490_n1.jpg','image',1),(268,53,6,'http://holidayhawks.in/uploads/hall_materials1.png','image',1),(269,53,6,'http://holidayhawks.in/uploads/gallery_11.png','image',1),(270,53,6,'http://holidayhawks.in/uploads/twin_room1.png','image',1),(272,54,4,'http://holidayhawks.in/uploads/WhatsApp Image 2018-05-02 at 1.45.55 PM (8).jpeg','image',1),(273,54,4,'http://holidayhawks.in/uploads/WhatsApp Image 2018-05-02 at 1.45.55 PM (12).jpeg','image',1),(274,54,4,'http://holidayhawks.in/uploads/WhatsApp Image 2018-05-02 at 1.45.55 PM (15).jpeg','image',1),(275,55,10,'http://holidayhawks.in/uploads/1154432521.jpg','image',1),(276,55,10,'http://holidayhawks.in/uploads/115444493.jpg','image',1),(277,55,10,'http://holidayhawks.in/uploads/1154441031.jpg','image',1),(278,55,10,'http://holidayhawks.in/uploads/1154445011.jpg','image',1),(279,55,10,'http://holidayhawks.in/uploads/1154441011.jpg','image',1),(280,55,10,'http://holidayhawks.in/uploads/115444435.jpg','image',1),(281,56,2,'http://holidayhawks.in/uploads/greenwoods-901.jpg','image',1),(282,56,2,'http://holidayhawks.in/uploads/index-banner4.jpg','image',1),(283,56,2,'http://holidayhawks.in/uploads/563.jpg','image',1),(284,57,9,'http://holidayhawks.in/uploads/39368841.jpg','image',1),(285,57,9,'http://holidayhawks.in/uploads/104970855.jpg','image',1),(286,57,9,'http://holidayhawks.in/uploads/104970938.jpg','image',1),(287,57,9,'http://holidayhawks.in/uploads/104970967.jpg','image',1),(288,57,9,'http://holidayhawks.in/uploads/104970844.jpg','image',1),(289,57,9,'http://holidayhawks.in/uploads/104970973.jpg','image',1),(290,57,9,'http://holidayhawks.in/uploads/104970920.jpg','image',1),(291,57,9,'http://holidayhawks.in/uploads/104970978.jpg','image',1),(292,58,8,'http://holidayhawks.in/uploads/817186741.jpg','image',1),(293,58,8,'http://holidayhawks.in/uploads/photo5jpg_65WYoB.jpg','image',1),(294,58,8,'http://holidayhawks.in/uploads/Silver-Oak-Plantation-Bungalow-attic.jpg','image',1),(295,58,8,'http://holidayhawks.in/uploads/12720170571.jpg','image',1),(296,58,8,'http://holidayhawks.in/uploads/silver-oak-plantation-bungalow-thekkady-interior-52529837532g.jpg','image',1),(297,58,8,'http://holidayhawks.in/uploads/Silver-Oak-Plantation-Bungalow-kitchen.jpg','image',1);
/*!40000 ALTER TABLE `tbl_exp_stays_gallery` ENABLE KEYS */;
UNLOCK TABLES;

--
-- Table structure for table `tbl_exp_stays_inclusion`
--

DROP TABLE IF EXISTS `tbl_exp_stays_inclusion`;
/*!40101 SET @saved_cs_client     = @@character_set_client */;
/*!40101 SET character_set_client = utf8 */;
CREATE TABLE `tbl_exp_stays_inclusion` (
  `exp_id` int(11) NOT NULL,
  `exp_cat_id` int(11) NOT NULL,
  `inclusion` text NOT NULL
) ENGINE=InnoDB DEFAULT CHARSET=latin1;
/*!40101 SET character_set_client = @saved_cs_client */;

--
-- Dumping data for table `tbl_exp_stays_inclusion`
--

LOCK TABLES `tbl_exp_stays_inclusion` WRITE;
/*!40000 ALTER TABLE `tbl_exp_stays_inclusion` DISABLE KEYS */;
INSERT INTO `tbl_exp_stays_inclusion` VALUES (4,4,'<p>fsdf sdf sdfsdf</p>\n'),(5,5,'<p>hhh</p>\n'),(3,5,'<p><strong>Lorem Ipsum</strong><span style=\"color:rgb(0, 0, 0); font-family:open sans,arial,sans-serif; font-size:14px\">&nbsp;is simply dummy text of the printing and typesetting industry. Lorem Ipsum has been the industry&#39;s standard dummy text ever since the 1500s, when an unknown printer took a galley of type and scrambled it to make a type specimen book. It has survived not only five centuries, but also the leap into electronic typesetting, remaining essentially unchanged. It was popularised in the 1960s with the release of Letraset sheets containing Lorem Ipsum passages, and more recently with desktop publishing software like Aldus PageMaker including versions of Lorem Ipsum.</span></p>\n'),(12,8,'<p>Welcome drink</p>\n\n<p>Plantation Walk</p>\n\n<p>Break fast&nbsp;&nbsp;</p>\n\n<p>&nbsp;</p>\n'),(14,5,'<p>Welcome Drink on Arrival</p>\n\n<p>Breakfast</p>\n\n<p>Plantation Walk</p>\n'),(15,8,'<ul>\n	<li><span style=\"color:rgb(81, 79, 72); font-family:cambria,serif; font-size:12pt\">trekking</span></li>\n	<li><span style=\"color:rgb(81, 79, 72); font-family:cambria,serif; font-size:12pt\">&nbsp;bird watching</span></li>\n	<li><span style=\"color:rgb(81, 79, 72); font-family:cambria,serif; font-size:12pt\"><span style=\"color:rgb(81, 79, 72); font-family:cambria,serif; font-size:12pt\">fishing </span></span></li>\n	<li><span style=\"color:rgb(81, 79, 72); font-family:cambria,serif; font-size:12pt\"><span style=\"color:rgb(81, 79, 72); font-family:cambria,serif; font-size:12pt\"><span style=\"color:rgb(81, 79, 72); font-family:cambria,serif; font-size:12pt\">river rafting</span></span></span></li>\n	<li><span style=\"color:rgb(81, 79, 72); font-family:cambria,serif; font-size:12pt\"><span style=\"color:rgb(81, 79, 72); font-family:cambria,serif; font-size:12pt\"><span style=\"color:rgb(81, 79, 72); font-family:cambria,serif; font-size:12pt\"><span style=\"color:rgb(81, 79, 72); font-family:cambria,serif; font-size:12pt\">bee keeping</span></span></span></span></li>\n	<li><span style=\"color:rgb(81, 79, 72); font-family:cambria,serif; font-size:12pt\"><span style=\"color:rgb(81, 79, 72); font-family:cambria,serif; font-size:12pt\"><span style=\"color:rgb(81, 79, 72); font-family:cambria,serif; font-size:12pt\"><span style=\"color:rgb(81, 79, 72); font-family:cambria,serif; font-size:12pt\"><span style=\"color:rgb(81, 79, 72); font-family:cambria,serif; font-size:12pt\">&nbsp;bird feeding&nbsp;</span></span></span></span></span></li>\n</ul>\n'),(17,5,'<p>Cycling</p>\n\n<p>Plantation Walk</p>\n\n<p>Waterfall visit</p>\n\n<p>Breakfast</p>\n'),(18,2,'<p>Break Fast</p>\n\n<p>Lunch / Dinner</p>\n\n<p>Plantation Walk</p>\n\n<p>Campfire&nbsp;</p>\n'),(8,3,'<ul>\n	<li>Welcome drink on arrival</li>\n	<li>Accomodation</li>\n	<li>Breakfast</li>\n	<li>Lunch or Dinner</li>\n	<li>Soft trekking in the resort</li>\n	<li>campfire ( weather permits )</li>\n</ul>\n'),(27,3,'<p>Welcome drink</p>\n\n<p>&nbsp;BBQ</p>\n\n<p>Campfire</p>\n\n<p>Music programme</p>\n\n<p>Dinner</p>\n\n<p>5am Sunrise trekking &amp; Breakfast</p>\n\n<p>Plantation walk</p>\n\n<p>Waterfalls</p>\n\n<p>&nbsp;Village visit</p>\n'),(28,2,'<p>Plantation tour</p>\n\n<p>Campfire</p>\n\n<p>Breakfast</p>\n\n<p>1 night accomodation on doube occupancy&nbsp;</p>\n'),(29,5,'<p>&bull; Yoga, Meditation and related programs</p>\n\n<p>&bull; Campfire</p>\n\n<p>&bull; Indoor/Outdoor games</p>\n\n<p>&bull; Library</p>\n\n<p>&bull; Farmyard experience</p>\n\n<p>&bull; Spice plantation and Tea garden walk</p>\n\n<p>&bull; River side hiking</p>\n\n<p>&bull; Tea Tasting</p>\n\n<p>&bull; Bird watching</p>\n\n<p>&bull; Traditional Cooking&nbsp;</p>\n'),(30,5,'<p>01 night accommodation on double occupancy basis</p>\n\n<p>Fishing</p>\n\n<p>Breakfast&nbsp;</p>\n'),(31,10,'<p>01 Night Accomodation on double occupancy</p>\n\n<p>Breakfast</p>\n\n<p>Swimming pool use</p>\n'),(32,10,'<p>01 Night accommodation&nbsp;</p>\n\n<p>Fishing&nbsp;</p>\n\n<p>Breakfast</p>\n\n<p>&nbsp;</p>\n'),(33,8,'<p>01 Night Accomodation</p>\n\n<p>Breakfast</p>\n\n<p>Jungle Trek</p>\n\n<p>Plantation Walk</p>\n'),(34,10,'<p>01 night accommodation</p>\n\n<p>Breakfast</p>\n\n<p>Indoor Games</p>\n'),(35,11,'<p>01 Night Accommodation</p>\n\n<p>All meals</p>\n\n<p>Fishing</p>\n'),(36,11,'<p>01 Night accomodation for 02 Pax</p>\n\n<p>All meals</p>\n\n<p>Fishing</p>\n'),(37,11,'<p>01 Night Accommodation</p>\n\n<p>All Meals</p>\n\n<p>Fishing</p>\n\n<p>&nbsp;</p>\n'),(6,3,'<p>2 Meals, Hiking, Jeep safari,<br />\nBBQ, Bonfire, Waterfalls.</p>\n'),(7,2,'<ul>\n	<li>Welcome drink on arrival</li>\n	<li>Accomodation</li>\n	<li>Breakfast</li>\n	<li>Lunch or Dinner</li>\n	<li>Soft trekking in the resort</li>\n	<li>campfire ( weather permits )</li>\n</ul>\n'),(38,9,'<ul>\n	<li>,Farm visit</li>\n	<li>Trekking</li>\n	<li>&nbsp;Cycling</li>\n	<li>&nbsp;Fishing</li>\n	<li>01 Night accomodation for 02 pax&nbsp;</li>\n	<li>Breakfast</li>\n</ul>\n'),(39,5,'<ul>\n	<li>01 Night accomodation for 02 pax</li>\n	<li>Breakfast &amp; Dinner</li>\n	<li>River trek</li>\n	<li>Campfire</li>\n	<li>Plantation Tour</li>\n</ul>\n'),(40,3,'<ul>\n	<li>01 Night accomodation for 02</li>\n	<li>Plantation walk</li>\n	<li>Campfire</li>\n	<li>Breakfast and Dinner</li>\n</ul>\n'),(41,8,'<ul>\n	<li>01 Night Accommodation for 02</li>\n	<li>Breakfast&nbsp;</li>\n	<li>Campfire</li>\n	<li>Plantation Walk</li>\n</ul>\n'),(42,8,'<ul>\n	<li>01 Night Accommodation for 02</li>\n	<li>Breakfast&nbsp;</li>\n	<li>Campfire</li>\n	<li>Plantation Walk</li>\n</ul>\n'),(43,2,'<ul>\n	<li>01 Night Accommodation for 02</li>\n	<li>Breakfast&nbsp;</li>\n	<li>Campfire</li>\n	<li>Plantation Walk</li>\n</ul>\n'),(44,8,'<ul>\n	<li>01 Night Accommodation for 02</li>\n	<li>Breakfast</li>\n	<li>Campfire</li>\n	<li>Plantation Walk</li>\n</ul>\n'),(45,5,'<ul>\n	<li>01 Night Accommodation for 02</li>\n	<li>Breakfast&nbsp;</li>\n	<li>Campfire</li>\n	<li>Plantation Walk</li>\n</ul>\n'),(9,9,'<ul>\n	<li>Welcome drink on arrival</li>\n	<li>Use of in-house facilities such as board games, outdoor games etc.</li>\n	<li>Guided trekking inside the resort in the morning</li>\n</ul>\n'),(10,8,'<ul style=\"list-style-type:circle\">\n	<li>All Meals: Breakfast, Lunch and Dinner- All Buffet.</li>\n	<li>Welcome drink on arrival.</li>\n	<li>Guided Nature Walk inside the resort in the morning and evening.</li>\n</ul>\n'),(11,8,'<ul>\n	<li>01 Night Accommodation for 02</li>\n	<li>Breakfast &amp; Dinner</li>\n	<li>Campfire</li>\n	<li>Plantation Walk</li>\n</ul>\n'),(46,6,'<ul>\n	<li>01 Night Accommodation for 02</li>\n	<li>Breakfast&nbsp;</li>\n	<li>Campfire</li>\n	<li>Plantation Walk</li>\n</ul>\n'),(47,6,'<ul>\n	<li>01 Night Accommodation for 02</li>\n	<li>Breakfast&nbsp;</li>\n</ul>\n'),(48,6,'<p>01 Night Accommodation for 02</p>\n\n<p>Breakfast&nbsp;</p>\n'),(49,6,'<ul>\n	<li>01 Night Accommodation for 02</li>\n	<li>Breakfast&nbsp;</li>\n</ul>\n'),(50,5,'<ul>\n	<li>01 Night Accommodation for 02</li>\n	<li>Breakfast&nbsp;</li>\n</ul>\n'),(51,3,'<ul>\n	<li>Forest hiking</li>\n	<li>Stream hiking</li>\n	<li>Waterfalls</li>\n	<li>Trekking to&nbsp;hill top</li>\n	<li>Off road jeep safari</li>\n	<li>Camping</li>\n	<li>BBQ&nbsp;</li>\n</ul>\n'),(52,2,'<ul>\n	<li><span style=\"color:black; font-family:arial,sans-serif; font-size:9.5pt\">Guided plantation &amp; birding walks.</span></li>\n	<li><span style=\"color:black; font-family:arial,sans-serif; font-size:9.5pt\">Coracle/ Canoe rides and fishing on the retreat&#39;s private reservoir.</span></li>\n	<li><span style=\"color:black; font-family:arial,sans-serif; font-size:9.5pt\">Open Jeep safaris in and around the retreat.</span></li>\n	<li><span style=\"color:black; font-family:arial,sans-serif; font-size:9.5pt\">Cycling tours of the retreat and the surrounding countryside.&nbsp;</span></li>\n</ul>\n'),(53,6,'<ul>\n	<li>01 Night Accommodation for 02</li>\n	<li>Breakfast&nbsp;</li>\n</ul>\n'),(54,4,'<ul>\n	<li>01 Night Accommodation for 02</li>\n	<li>Breakfast&nbsp;</li>\n	<li>Bird Watching</li>\n	<li>Nature walk</li>\n</ul>\n'),(55,10,'<ul>\n	<li>01 Night Accommodation for 02</li>\n	<li>Breakfast&nbsp;</li>\n	<li>Indoor Games</li>\n</ul>\n'),(56,2,'<ul>\n	<li>01 Night Accommodation for 02</li>\n	<li>Breakfast &amp; Dinner</li>\n	<li>Off Road Jeep Transfers</li>\n</ul>\n'),(13,5,'<ul>\n	<li>01 Night Accommodation for 02</li>\n	<li>Breakfast</li>\n	<li>WI FI</li>\n</ul>\n'),(57,9,'<ul>\n	<li>01 Night Accommodation for 02</li>\n	<li>Breakfast&nbsp;</li>\n	<li>Farm Tour</li>\n</ul>\n'),(58,8,'<ul>\n	<li>Welcome drink on arrival</li>\n	<li>Accommodation in exclusive Planters villa</li>\n	<li>Meal on MAPAI plan</li>\n	<li>Guided Tea factory &amp; Cardamom curing centre visit at Kailasam</li>\n	<li>Jeep safari to the top most part of misty valley at Kailasam</li>\n	<li>Boating &amp; fishing in your very own 4 Acres Lake at Kailasam</li>\n</ul>\n'),(16,6,'<ul>\n	<li>Breakfast</li>\n	<li>Plantation Walk</li>\n	<li>01 Night Accommodation for 02</li>\n</ul>\n'),(19,2,'<ul>\n	<li>Breakfast</li>\n	<li>Campfire</li>\n	<li>Stream bath&nbsp;</li>\n</ul>\n'),(20,5,'<ul>\n	<li>01 Night Accommodation for 02</li>\n	<li>Breakfast</li>\n	<li>Plantation walk</li>\n</ul>\n'),(21,8,'<ul>\n	<li>01 Night Accommodation for 02</li>\n	<li>Breakfast</li>\n	<li>Indoor Games</li>\n</ul>\n'),(22,8,'<ul>\n	<li>Breakfast</li>\n	<li>Plantation Walk</li>\n	<li>Indoor Games</li>\n</ul>\n'),(23,5,'<ul>\n	<li>Guided Walk</li>\n	<li>Breakfast</li>\n</ul>\n'),(24,5,'<ul>\n	<li>Breakfast</li>\n	<li>Indoor Games</li>\n	<li>Short trek</li>\n	<li>Waterfall visit</li>\n	<li>Swimming pool</li>\n</ul>\n'),(26,6,'<ul>\n	<li>01 Night Accomodation for 02 people</li>\n	<li>Breakfast</li>\n	<li>Tea Plantation Walk</li>\n	<li>Short trek</li>\n</ul>\n\n<p>&nbsp;</p>\n');
/*!40000 ALTER TABLE `tbl_exp_stays_inclusion` ENABLE KEYS */;
UNLOCK TABLES;

--
-- Table structure for table `tbl_exp_stays_info`
--

DROP TABLE IF EXISTS `tbl_exp_stays_info`;
/*!40101 SET @saved_cs_client     = @@character_set_client */;
/*!40101 SET character_set_client = utf8 */;
CREATE TABLE `tbl_exp_stays_info` (
  `exp_id` int(11) NOT NULL,
  `exp_cat_id` int(11) NOT NULL,
  `title` varchar(2000) DEFAULT NULL,
  `descr` text DEFAULT NULL
) ENGINE=InnoDB DEFAULT CHARSET=latin1;
/*!40101 SET character_set_client = @saved_cs_client */;

--
-- Dumping data for table `tbl_exp_stays_info`
--

LOCK TABLES `tbl_exp_stays_info` WRITE;
/*!40000 ALTER TABLE `tbl_exp_stays_info` DISABLE KEYS */;
INSERT INTO `tbl_exp_stays_info` VALUES (4,4,'dfsdf','<p>sdfsdf</p>\n'),(4,4,'sdfsd','<p>fdsfsdf</p>\n'),(4,4,'sdffs','<p>dfsdfsdff</p>\n'),(3,5,'types','<p>dfgdf gdf</p>\n'),(3,5,'cancellation','<p>sd</p>\n'),(3,5,'methods','<p>dfsgdfgdfg</p>\n'),(0,0,'0','0'),(12,8,'Cancellation Policy','<p>test</p>\n'),(12,8,'Terms and Conditions','<p>test</p>\n'),(14,5,'Cancellation Policy','<p>test</p>\n'),(14,5,'Terms',''),(7,2,'Add On','<p>Test</p>\n'),(7,2,'Terms & Conditions','<p>test</p>\n'),(7,2,'Cancellation Policy','<p>test</p>\n'),(38,9,'Add On','<ul>\n	<li>Off Road Jeep Safari</li>\n	<li>Campfire</li>\n	<li>Mountain Hicking&nbsp;</li>\n</ul>\n'),(38,9,'Terms & Conditions',''),(38,9,'Cancellation Policy',''),(39,5,'Add On','<ul>\n	<li>Off Road Jeep Safari</li>\n	<li>Adventure Rope Activities</li>\n	<li>Mountain Hiking&nbsp;</li>\n</ul>\n'),(39,5,'Terms & Conditions',''),(39,5,'Cancellation Policy',''),(40,3,'Add On','<ul>\n	<li>Off Road Jeep Safari</li>\n	<li>Adventure rope activities</li>\n</ul>\n'),(40,3,'Terms & Conditions',''),(40,3,'Cancellation Policy',''),(41,8,'Add On','<p>&nbsp;</p>\n\n<ul>\n	<li>Adventure Rope Activities</li>\n	<li>Off road jeep safari</li>\n	<li>Mountain Hiking</li>\n	<li>Sightseeing</li>\n</ul>\n'),(41,8,'Terms & Conditions',''),(41,8,'Cancellation Policy',''),(42,8,'Add On','<ul>\n	<li>Adventure Rope Activities</li>\n	<li>Off road jeep safari</li>\n	<li>Mountain Hiking</li>\n	<li>Sightseeing</li>\n</ul>\n'),(42,8,'Terms & Conditions',''),(42,8,'Cancellation Policy',''),(43,2,'Add On','<ul>\n	<li>Adventure Rope Activities</li>\n	<li>Off road jeep safari</li>\n	<li>Mountain Hiking</li>\n	<li>Sightseeing</li>\n</ul>\n'),(43,2,'Terms & Conditions',''),(43,2,'Cancellation Policy',''),(44,8,'Add On','<ul>\n	<li>Adventure Rope Activities</li>\n	<li>Off road jeep safari</li>\n	<li>Mountain Hiking</li>\n	<li>Sightseeing</li>\n</ul>\n'),(44,8,'Terms & Conditions',''),(44,8,'Cancellation Policy',''),(45,5,'Add On','<ul>\n	<li>Adventure Rope Activities</li>\n	<li>Off road jeep safari</li>\n	<li>Mountain Hiking</li>\n	<li>Sightseeing</li>\n</ul>\n'),(45,5,'Terms & Conditions',''),(45,5,'Cancellation Policy',''),(9,9,'Add On','<ul>\n	<li>Adventure Rope Activities</li>\n	<li>Off road jeep safari / Jungle safari</li>\n	<li>Nature walk</li>\n	<li>Sightseeing</li>\n</ul>\n'),(9,9,'Terms & Conditions','<p>tEst</p>\n'),(9,9,'Cancellation Policy',''),(10,8,'Add On','<ul>\n	<li>Adventure Rope Activities</li>\n	<li>Off road jeep safari / Jungle safari</li>\n	<li>Nature walk</li>\n	<li>Sightseeing</li>\n</ul>\n'),(10,8,'Terms & Conditions',''),(10,8,'Cancellation Policy',''),(11,8,'Add On','<ul>\n	<li>Adventure Rope Activities</li>\n	<li>Off road jeep safari / Jungle safari</li>\n	<li>Nature walk</li>\n	<li>Sightseeing</li>\n</ul>\n'),(11,8,'Terms & Conditions',''),(11,8,'Cancellation Policy',''),(46,6,'Add On','<ul>\n	<li>Adventure Rope Activities</li>\n	<li>Off road jeep safari / Jungle safari</li>\n	<li>Nature walk</li>\n	<li>Sightseeing</li>\n</ul>\n'),(46,6,'Terms & Conditions',''),(46,6,'Cancellation Policy',''),(47,6,'Add On','<ul>\n	<li>Kochi local Sightseeing&nbsp;</li>\n	<li>Vehicle Rentals</li>\n	<li>Water sports activities</li>\n	<li>Back water cruises&nbsp;</li>\n</ul>\n'),(47,6,'Terms & Conditions',''),(47,6,'Cancellation Policy',''),(48,6,'Add On','<ul>\n	<li>Kochi local Sightseeing&nbsp;</li>\n	<li>Vehicle Rentals</li>\n	<li>Water sports activities</li>\n	<li>Back water cruises&nbsp;</li>\n</ul>\n'),(48,6,'Terms & Conditions',''),(48,6,'Cancellation Policy',''),(49,6,'Add On','<ul>\n	<li>Kochi local Sightseeing&nbsp;</li>\n	<li>Vehicle Rentals</li>\n	<li>Water sports activities</li>\n	<li>Back water cruises&nbsp;</li>\n</ul>\n'),(49,6,'Terms & Conditions',''),(49,6,'Cancellation Policy',''),(50,5,'Add On','<ul>\n	<li>Sightseeing&nbsp;</li>\n	<li>Vehicle Rentals</li>\n	<li>Water sports activities</li>\n	<li>Back water cruises&nbsp;</li>\n</ul>\n'),(50,5,'Terms & Conditions',''),(50,5,'Cancellation Policy',''),(51,3,'Add On','<ul>\n	<li>Adventure Rope Activities</li>\n	<li>Off road jeep safari / Jungle safari</li>\n	<li>Nature walk</li>\n	<li>Sightseeing</li>\n</ul>\n'),(51,3,'Terms & Conditions',''),(51,3,'Cancellation Policy',''),(52,2,'Add On','<ul>\n	<li>Adventure Rope Activities</li>\n	<li>Off road jeep safari / Jungle safari</li>\n	<li>Nature walk</li>\n	<li>Sightseeing</li>\n</ul>\n'),(52,2,'Terms & Conditions',''),(52,2,'Cancellation Policy',''),(53,6,'Add On','<ul>\n	<li>Adventure Rope Activities</li>\n	<li>Off road jeep safari / Jungle safari</li>\n	<li>Nature walk</li>\n	<li>Sightseeing</li>\n</ul>\n'),(53,6,'Terms & Conditions',''),(53,6,'Cancellation Policy',''),(54,4,'Add On','<ul>\n	<li>Adventure Rope Activities</li>\n	<li>Off road jeep safari / Jungle safari</li>\n	<li>Nature walk</li>\n	<li>Sightseeing</li>\n</ul>\n'),(54,4,'Terms & Conditions',''),(54,4,'Cancellation Policy',''),(55,10,'Add On','<ul>\n	<li>Kochi local Sightseeing&nbsp;</li>\n	<li>Vehicle Rentals</li>\n	<li>Water sports activities</li>\n	<li>Back water cruises&nbsp;</li>\n</ul>\n'),(55,10,'Terms & Conditions',''),(55,10,'Cancellation Policy',''),(56,2,'Add On','<ul>\n	<li>Adventure Rope Activities</li>\n	<li>Off road jeep safari / Jungle safari</li>\n	<li>Nature walk</li>\n	<li>Sightseeing</li>\n</ul>\n'),(56,2,'Terms & Conditions',''),(56,2,'Cancellation Policy',''),(13,5,'Add On','<ul>\n	<li>Off road jeep safari / Jungle safari</li>\n	<li>Nature walk</li>\n	<li>Sightseeing</li>\n</ul>\n'),(13,5,'Terms & Conditions','<p>test</p>\n'),(13,5,'Cancellation Policy',''),(57,9,'Add On','<ul>\n	<li>Off road jeep safari / Jungle safari</li>\n	<li>Nature walk</li>\n	<li>Sightseeing</li>\n</ul>\n'),(57,9,'Terms & Conditions',''),(57,9,'Cancellation Policy',''),(58,8,'Add On','<ul>\n	<li>Off road jeep safari / Jungle safari</li>\n	<li>Nature walk</li>\n	<li>Sightseeing</li>\n</ul>\n'),(58,8,'Terms & Conditions',''),(58,8,'Cancellation Policy',''),(16,6,'Add On','<ul>\n	<li>Adventure Rope Activities</li>\n	<li>Off road jeep safari / Jungle safari</li>\n	<li>Nature walk</li>\n	<li>Sightseeing</li>\n</ul>\n'),(16,6,'Terms & Conditions',''),(16,6,'Cancellation Policy',''),(19,2,'Add On','<ul>\n	<li>Adventure Rope Activities</li>\n	<li>Off road jeep safari / Jungle safari</li>\n	<li>Nature walk</li>\n	<li>Sightseeing</li>\n</ul>\n'),(19,2,'Terms & Conditions',''),(19,2,'Cancellation Policy',''),(20,5,'Add On','<ul>\n	<li>Adventure Rope Activities</li>\n	<li>Off road jeep safari / Jungle safari</li>\n	<li>Nature walk</li>\n	<li>Sightseeing</li>\n</ul>\n'),(20,5,'Terms & Conditions',''),(20,5,'Cancellation Policy',''),(21,8,'Add On','<ul>\n	<li>Adventure Rope Activities</li>\n	<li>Off road jeep safari / Jungle safari</li>\n	<li>Nature walk</li>\n	<li>Sightseeing</li>\n</ul>\n'),(21,8,'Terms & Conditions',''),(21,8,'Cancellation Policy',''),(22,8,'Add On','<ul>\n	<li>Adventure Rope Activities</li>\n	<li>Off road jeep safari / Jungle safari</li>\n	<li>Nature walk</li>\n	<li>Sightseeing</li>\n</ul>\n'),(22,8,'Terms & Conditions',''),(22,8,'Cancellation Policy',''),(23,5,'Add On','<ul>\n	<li>Adventure Rope Activities</li>\n	<li>Off road jeep safari / Jungle safari</li>\n	<li>Nature walk</li>\n	<li>Sightseeing</li>\n</ul>\n'),(23,5,'Terms & Conditions',''),(23,5,'Cancellation Policy',''),(24,5,'Add On','<ul>\n	<li>Adventure Rope Activities</li>\n	<li>Off road jeep safari / Jungle safari</li>\n	<li>Nature walk</li>\n	<li>Sightseeing</li>\n</ul>\n'),(24,5,'Terms & Conditions',''),(24,5,'Cancellation Policy',''),(26,6,'Add On','<ul>\n	<li>Adventure Rope Activities</li>\n	<li>Off road jeep safari / Jungle safari</li>\n	<li>Nature walk</li>\n	<li>Sightseeing</li>\n</ul>\n'),(26,6,'Terms & Conditions',''),(26,6,'Cancellation Policy','');
/*!40000 ALTER TABLE `tbl_exp_stays_info` ENABLE KEYS */;
UNLOCK TABLES;

--
-- Table structure for table `tbl_home_text`
--

DROP TABLE IF EXISTS `tbl_home_text`;
/*!40101 SET @saved_cs_client     = @@character_set_client */;
/*!40101 SET character_set_client = utf8 */;
CREATE TABLE `tbl_home_text` (
  `id` int(11) NOT NULL AUTO_INCREMENT,
  `title` varchar(500) DEFAULT NULL,
  `descr` varchar(2000) DEFAULT NULL,
  `img` varchar(100) DEFAULT NULL,
  `type` varchar(20) DEFAULT NULL,
  PRIMARY KEY (`id`)
) ENGINE=InnoDB AUTO_INCREMENT=5 DEFAULT CHARSET=latin1;
/*!40101 SET character_set_client = @saved_cs_client */;

--
-- Dumping data for table `tbl_home_text`
--

LOCK TABLES `tbl_home_text` WRITE;
/*!40000 ALTER TABLE `tbl_home_text` DISABLE KEYS */;
INSERT INTO `tbl_home_text` VALUES (1,'Handcrafted Experiences ','For those who seek an extra mile in holidaying and would like to experience something unusual , gouge out our vivid range of experiential tours.Get immersed into the local culture , learn languages , drive into the nature and embrace the traditions. Step outdoors and explore the unexplored through the hand curated experiences specially crafted by our experts.',NULL,'pkg'),(2,'Handpicked Destinations','Every destination has a story to tell. To live in the actuality of that destination, we should pay a visit. Choose from our wide range of hand-curated destinations which are as unique as you are. From the most remote villages to the neo-urban places, these destinations have never been better','http://holidayhawks.in/uploads/new1.jpg','destination'),(3,'Experiential Stays',' Be it a holiday squeezed in  the craggy mountains of India or a bustle free weekend amidst the forest ranges nurturing the mother earth , our collection of experiential stays across India is sure to give you a holiday worth remembering.Feel the realness of the earth while staying at any of our experiential stays. Exclusive hand curated stays which can gift you memories that lasts life long and chunk of perennial experiences.',NULL,'exp_stays'),(4,'Adventure Experiences','Throw of the bowlines.. Sail away from the safe harbour.. Catch the trade winds in your sails.. Feel the electrifying rush of adrenaline through the inspiring adventures across the country. Be it on air, water or land, we have it all. fill life with adventures since life itself is one.',NULL,'act');
/*!40000 ALTER TABLE `tbl_home_text` ENABLE KEYS */;
UNLOCK TABLES;

--
-- Table structure for table `tbl_image`
--

DROP TABLE IF EXISTS `tbl_image`;
/*!40101 SET @saved_cs_client     = @@character_set_client */;
/*!40101 SET character_set_client = utf8 */;
CREATE TABLE `tbl_image` (
  `id` int(11) NOT NULL AUTO_INCREMENT,
  `name` varchar(500) NOT NULL,
  `folder` varchar(500) NOT NULL DEFAULT '',
  PRIMARY KEY (`id`)
) ENGINE=InnoDB AUTO_INCREMENT=9 DEFAULT CHARSET=latin1;
/*!40101 SET character_set_client = @saved_cs_client */;

--
-- Dumping data for table `tbl_image`
--

LOCK TABLES `tbl_image` WRITE;
/*!40000 ALTER TABLE `tbl_image` DISABLE KEYS */;
INSERT INTO `tbl_image` VALUES (1,'62bee947-386d-4a0b-9159-b49bcbdbca1c.jpg',''),(2,'107.jpg',''),(3,'5.jpg',''),(4,'107.jpg',''),(5,'4a13675d-b89d-401a-be42-59cec578f8c0.jpg',''),(6,'banner/about_us.jpg','banner'),(7,'HAWK (1).jpg',''),(8,'HAWK (9).jpg','');
/*!40000 ALTER TABLE `tbl_image` ENABLE KEYS */;
UNLOCK TABLES;

--
-- Table structure for table `tbl_pages`
--

DROP TABLE IF EXISTS `tbl_pages`;
/*!40101 SET @saved_cs_client     = @@character_set_client */;
/*!40101 SET character_set_client = utf8 */;
CREATE TABLE `tbl_pages` (
  `pageid` int(11) NOT NULL AUTO_INCREMENT,
  `pgname` text CHARACTER SET utf8 COLLATE utf8_unicode_ci NOT NULL,
  `pgalias` varchar(100) CHARACTER SET utf8 COLLATE utf8_unicode_ci NOT NULL,
  `pglink` text NOT NULL,
  `seolink` text NOT NULL,
  `pgtitle` text CHARACTER SET utf8 COLLATE utf8_unicode_ci NOT NULL,
  `pgkeywords` text CHARACTER SET utf8 COLLATE utf8_unicode_ci NOT NULL,
  `pgdescription` text CHARACTER SET utf8 COLLATE utf8_unicode_ci NOT NULL,
  `pgheading` text CHARACTER SET utf8 COLLATE utf8_unicode_ci NOT NULL,
  `pgcontent` longtext CHARACTER SET utf8 COLLATE utf8_unicode_ci NOT NULL,
  `pgtype` int(11) NOT NULL,
  `pgcreatedate` text NOT NULL,
  `pgmodifydate` text NOT NULL,
  PRIMARY KEY (`pageid`)
) ENGINE=MyISAM AUTO_INCREMENT=35 DEFAULT CHARSET=latin1;
/*!40101 SET character_set_client = @saved_cs_client */;

--
-- Dumping data for table `tbl_pages`
--

LOCK TABLES `tbl_pages` WRITE;
/*!40000 ALTER TABLE `tbl_pages` DISABLE KEYS */;
INSERT INTO `tbl_pages` VALUES (32,'Experiential Stays','experiential-stays','experiential-stays','experiential-stays','Experiential Stays','Experiential Stays','Experiential Stays','Experiential Stays','',1,'',''),(29,'Blog','blog','blog','','holidayhawks blog','testing','Special Interest Tours','','0',1,'',''),(30,'Home','home','home','','Holiday Hawks:Home','','Holiday Hawks:Home','','0',1,'',''),(33,'Activities','activities','activities','activities','Activities','Activities','Activities','','',1,'',''),(34,'Destinations','destinations','destinations','destinations','Destinations','Destinations','Destinations','','',1,'','');
/*!40000 ALTER TABLE `tbl_pages` ENABLE KEYS */;
UNLOCK TABLES;

--
-- Table structure for table `tbl_pkg_category`
--

DROP TABLE IF EXISTS `tbl_pkg_category`;
/*!40101 SET @saved_cs_client     = @@character_set_client */;
/*!40101 SET character_set_client = utf8 */;
CREATE TABLE `tbl_pkg_category` (
  `id` int(11) NOT NULL AUTO_INCREMENT,
  `name` varchar(100) DEFAULT NULL,
  `img` varchar(2000) DEFAULT NULL,
  `banner` varchar(2000) DEFAULT NULL,
  `pg_title` varchar(1000) DEFAULT NULL,
  `pg_desc` varchar(1000) DEFAULT NULL,
  `name_list` varchar(500) DEFAULT NULL,
  `desc1` text DEFAULT NULL,
  `desc2` text DEFAULT NULL,
  `banner_img` varchar(2000) DEFAULT NULL,
  `node_order` int(11) DEFAULT NULL,
  PRIMARY KEY (`id`)
) ENGINE=InnoDB AUTO_INCREMENT=5 DEFAULT CHARSET=latin1;
/*!40101 SET character_set_client = @saved_cs_client */;

--
-- Dumping data for table `tbl_pkg_category`
--

LOCK TABLES `tbl_pkg_category` WRITE;
/*!40000 ALTER TABLE `tbl_pkg_category` DISABLE KEYS */;
INSERT INTO `tbl_pkg_category` VALUES (1,'SPECIAL INTEREST TOURS','http://holidayhawks.in/uploads/19.jpg','http://holidayhawks.in/uploads/sit2.jpg','Special Interest Tours','Special Interest Tours','Hawks Made  Special Interest Tours','Ever traveled somewhere only to explore and experience something unique...? When was the last time you did something for the first time..? Haven\'t you planned something specific on your tour but cancelled only because your executor didn\'t offer that service..? So.. its time to rise up , and travel to explore our little but unimaginably big fantasies. Find that one thing that excites you..tell us what it is.. travel with us and explore it with your heart and soul.','Find from our list of some of the most sought after Special Interest Tours. Discover the world in your own style and travel for what you love . We have handpicked some tours to suit your Special Interest and this country has a lot more to offer.',NULL,2),(2,'ADVENTURE TOURS','http://holidayhawks.in/uploads/23.jpg','http://holidayhawks.in/uploads/adventure.jpg','Adventure Tours','Adventure Tours','Hawks Made Adventure Experiences','Incredibly rich in breathtaking topography, India is a place of infinite offerings! Seasons, climate, landscape or anything that you could name; every corner of the country differs in all senses with the other. This uniqueness of the regions makes India a hub of innumerable activities! Whether you hate it or love it, but Summer is definitely one season which opens up a lot of doors in our lives! One such door is the door of adventure activities that the high-spirited chunks are always in search of.','Having been blessed with nature’s bounty, India can successfully siege to all the demands of these adrenaline junkies seeking that quick rush of blood! If you are one of such type and are open to every kind of adventure, you could try your hands on with us!',NULL,4),(3,'KERALA WEEKEND PLANS','http://holidayhawks.in/uploads/41.jpg','http://holidayhawks.in/uploads/kerala2.jpg','Kerala Weekend Plans','Kerala Weekend Plans','Kerala Weekend Getaways ','Say good bye to your work week tensions and say hello to one of the coolest weekend.Celebrate your weekends  not just for the sake of it, but for the high intensity fun it reacts out. A break is always much needed for us to shoo away the worldly hustle and bustle and to escape into the verdant welcoming mother nature.So plan an escape , execute it and blow of the steam. ','Kerala is a perfect getaway for anyone who wants to invest their weekends in travel.It displays a whole lot of options ranging from Campsites to luxury resorts to activities and adventures of all level, all placed perfectly in a marvelously unique landscape.After a hectic work week , Kerala can be your impeccable \'out of the world\' weekend destination, to throw away the worries and get recharged for the new week.',NULL,1),(4,'FAVORITE HOLIDAY EXPERIENCES ','http://holidayhawks.in/uploads/31.jpg','http://holidayhawks.in/uploads/fav.jpg','Favorite Holiday Experiences','Special Interest Tours','Top Rated Holidaying Experiences in India','Explore the favorite holiday destinations in India with specially curated experiences from the experienced team.Top rated holiday picks that everyone must take in India.Experience the favorite handpicked tours  from Holidayhawks ','Top rated holiday picks that everyone must take in India.Experience the favorite handpicked tours  from Holidayhawks',NULL,3);
/*!40000 ALTER TABLE `tbl_pkg_category` ENABLE KEYS */;
UNLOCK TABLES;

--
-- Table structure for table `tbl_pkg_category_about`
--

DROP TABLE IF EXISTS `tbl_pkg_category_about`;
/*!40101 SET @saved_cs_client     = @@character_set_client */;
/*!40101 SET character_set_client = utf8 */;
CREATE TABLE `tbl_pkg_category_about` (
  `pkg_id` int(11) DEFAULT NULL,
  `pkg_cat_id` int(11) DEFAULT NULL,
  `about` text DEFAULT NULL
) ENGINE=InnoDB DEFAULT CHARSET=latin1;
/*!40101 SET character_set_client = @saved_cs_client */;

--
-- Dumping data for table `tbl_pkg_category_about`
--

LOCK TABLES `tbl_pkg_category_about` WRITE;
/*!40000 ALTER TABLE `tbl_pkg_category_about` DISABLE KEYS */;
INSERT INTO `tbl_pkg_category_about` VALUES (1,1,'<h1 style=\"text-align:center\">Lorem Ipsum</h1>\n\n<h4 style=\"text-align:center\">&quot;Neque porro quisquam est qui dolorem ipsum quia dolor sit amet, consectetur, adipisci velit...&quot;</h4>\n\n<h5 style=\"text-align:center\">&quot;There is no one who loves pain itself, who seeks after it and wants to have it, simply because it is pain...&quot;</h5>\n\n<hr />\n<div style=\"text-align:center\">\n<div>\n<div style=\"text-align:justify\">\n<p>&nbsp;</p>\n\n<ul>\n	<li>Lorem ipsum dolor sit amet, consectetur adipiscing elit.</li>\n	<li>Ut id metus eget purus congue faucibus.</li>\n	<li>Curabitur commodo erat eget risus accumsan pulvinar.</li>\n</ul>\n\n<p>&nbsp;</p>\n\n<p>&nbsp;</p>\n\n<ul>\n	<li>Morbi malesuada quam ut felis ultrices, a porta neque viverra.</li>\n	<li>Vestibulum facilisis mi ac purus porta, at fermentum elit semper.</li>\n	<li>Aenean ac sapien tempor, consectetur eros eget, volutpat libero.</li>\n</ul>\n\n<p>&nbsp;</p>\n\n<p>&nbsp;</p>\n\n<ul>\n	<li>Cras at orci sed justo finibus blandit eu ac nibh.</li>\n	<li>Integer sit amet urna facilisis, pulvinar risus quis, convallis magna.</li>\n	<li>Pellentesque at urna tincidunt, auctor arcu quis, volutpat felis.</li>\n</ul>\n</div>\n</div>\n</div>\n'),(2,3,'<p>testhfgh gfhgfh gfhgf hfghgfh&nbsp;</p>\n'),(3,3,'<p>test</p>\n'),(5,4,'<p>Every destination is a unique experience. To live in the actuality of that destination, we should pay a visit. Chose from our wide range of hand-curated destinations which re as unique as you are.</p>\n'),(8,2,'<p>Kerala is truly the home of the God, the all-encompassing verdant scenario might have enticed the lord to such extent that he decided to make the place his abode.</p>\n\n<p>The major&nbsp;hill stations including&nbsp;Munnar , Vagamon and Thekkady&nbsp;located in the Idukki district of the southwestern Indian state of Kerala are&nbsp;situated at around 1,600 metres&nbsp;above mean sea level,in the Western Ghats mountain range. Those hillstations are&nbsp;an ideal location for adventure seekers, who would like to explore its mystical mountain ranges and the wildlife to its fullest.</p>\n\n<p>The adventure enthusiasts could try hike&nbsp;the mountains,camp in the forest and thus experience the craggy mountains and wildlife of Gods Own Country.</p>\n\n<p>&nbsp;</p>\n'),(9,3,'<p><span style=\"color:rgb(0, 0, 0); font-family:verdana,geneva,sans-serif; font-size:14.4px\">Chokramudi stands as a unique piece of Elevated Mountain at an altitude of almost 7200 feet.Unlike the other hill ranges in Idukki it pose&nbsp;separately and is not attached to any other hills or ranges of hills in Munnar.The base camp of Chokramudi peak is a wonderful experience for those who love to explore the heights.The mysterious calmness and breathtaking views from the camp itself is a unique&nbsp;experience.Grabbing a portion of BBQ and gather around a bonfire with music adds to the unconditional experience of being on the standalone peak under the glazing stars.The off road drive to the campsite and speculative&nbsp;trek to the top of Chokramudi render&nbsp;the lust&nbsp;of adventure junkies who loves to experience the rare.</span></p>\n'),(13,1,'<p>Experience the magical waters of Kerala in all its glory. Do everything that can be done in the still waters. The tour takes you through some of the iconic waters of Kerala. Ho would think of kayaking inside a bird sanctuary. The tour makes you experience the bamboo rafting through the manmade lake in Thekkady through the forest. You get a chance to explore the great backwaters of Alleppey on a shikhara boat. You can also opt for an optional houseboat stay. On reaching Kochi, get a chance to get on a cruise ride if time permits.</p>\n'),(12,1,'<p>The offbeat Kerala tour, as its name suggests takes you through some of the unexplored destinations of the state. This tour is perfect for those who wish to discover the new and travel to relatively less touristic places.</p>\n\n<p>This tour combines some extremely beautiful destinations like Athirappilly waterfalls, Thumboormuzhi, Cherai beach, Malayttoor, Paniyeliporu, pooyamkutti, etc. this is a multi-character tour since it combines hills, beaches, forests and some exceptional landscapes.</p>\n\n<p>A special kerala tour which takes you only through the unexplored turfs and terrains in the central kerala. Most of the destinations of this tour being really famous locally, but is yet to catch the attention of the incoming public. Discover some absolute scenic beauty and go for some extraordinary fun in this specially crafted off beat tour.</p>\n'),(14,1,'<p>Each camp has its own character and so is the experience. If you are mad about camping, to experience the great outdoors, this tour is for you. This tour gives the traveler a vivid camping experience where we will be camping in different camps.</p>\n\n<p>This is an exclusive camping tour crafted for those who have a great enthusiasm for camping. This tour clubs in some of the most wonderful and sought after camping experiences. It lets you experience camping from different perspectives maki9ng you camp in places with distinct ambience. You will be experiencing camps of Mankulam- a jungle camping, Suryanelli- an uphill camp andVagamon- a sidehill farm camp.</p>\n'),(15,1,'<p>This is a one of its kind tour which let you experience 5 nights of stay in 5 facilities of distinct character. You will be staying in a bungalow, a tent camp, a houseboat, a plantation cottage and a homestay in these 5 nights in Kerala. This can be an enormous experience being experiencing all types of living in a single tour to the God&rsquo;s own Country.</p>\n'),(16,4,'<p>Kerala, the god&rsquo;s own country is definitely in the bucket list of most travelers. This experience tour let you explore this green paradise in every possible way. In this special Kerala tour, there is everything clubbed in that any traveler would expect on a Kerala tour. From the eye catchy hills of Munnar, to the spice plantations of Thekkady, to mighty backwaters of Alleppey, this tour has it all.</p>\n'),(17,3,'<p><span style=\"color:#000000\"><span style=\"font-family:raleway,sans-serif; font-size:16px\">Kanthaloor is situated at above 5500 ft above sea level and has a very pleasant climate.With its sprawling tea estates, rolling hills, waterfalls, picture - postcard hamlets, Kanthalloor has the makings of an idyllic holiday destination.It provides the cool climate for the natural farming of fruits like Apple, Orange, Strawberry, Blackberry, Plums, Gooseberry, Egg fruits, peach, Sugarcane, passion fruits. etc.</span></span></p>\n'),(18,3,'<p style=\"text-align:justify\"><span style=\"font-family:calibri,sans-serif; font-size:19px\">Referred to as the heaven on earth, exotic and pristine, Marayoor is a unique place where beauty meets adventure. The enchanting tourist destination of Marayoor offers diversity in every aspect of the land and culture...... hamlets, rocky hills, rivers, brooks, cave temples, paddy and sugar cane fields, waterfalls, sandal wood and bamboo forests...&hellip;This rain shadow region, blessed with abundant natural beauty and wildlife, attracts tourists from all over the world.</span></p>\n\n<p style=\"text-align:justify\"><span style=\"font-family:calibri,sans-serif; font-size:19px\">Marayoor is not only an ideal tourist destination but it also claims to be a part of the Stone Age Civilization that is as old as 10,000 B.C. The land and its unique dolmens, caves, rock edicts and engravings declare its rich heritage. The scenic Marayoor is also noted for its natural growth of sandal wood trees and sprawling wild life. Marayoor travellers often find themselves in the middle of history, nature and adventure. Marayoor is still a pristine, celestial and unexplored tourist spot when compared to Munnar which happens to be one of the most sought after hill stations in India</span></p>\n'),(19,3,'<p><span style=\"color:rgb(0, 0, 0); font-family:raleway,sans-serif; font-size:16px\">Kanthaloor is situated at above 5500 ft above sea level and has a very pleasant climate.With its sprawling tea estates, rolling hills, waterfalls, picture - postcard hamlets, Kanthalloor has the makings of an idyllic holiday destination.It provides the cool climate for the natural farming of fruits like Apple, Orange, Strawberry, Blackberry, Plums, Gooseberry, Egg fruits, peach, Sugarcane, passion fruits. etc.</span></p>\n'),(20,3,'<ul>\n	<li>02 Bedroom rock cottage stay at Marayoor</li>\n	<li>Minimum 6 people required</li>\n	<li>Night jeep safari</li>\n	<li>BBQ available at extra cost</li>\n	<li>Forest experience</li>\n</ul>\n'),(10,4,'<p><a class=\"mw-redirect\" href=\"https://en.wikipedia.org/wiki/Hyderabad,_India\" style=\"color: rgb(11, 0, 128); background: none;\" title=\"\"><span style=\"color:#000000\">Hyderabad</span></a><span style=\"color:#000000\"><span style=\"font-family:sans-serif; font-size:14px\">&nbsp;is the&nbsp;</span></span><a href=\"https://en.wikipedia.org/wiki/List_of_state_and_union_territory_capitals_in_India\" style=\"text-decoration-line: none; color: rgb(11, 0, 128); background-image: none; background-position: initial; background-size: initial; background-repeat: initial; background-attachment: initial; background-origin: initial; background-clip: initial; font-family: sans-serif; font-size: 14px;\" title=\"List of state and union territory capitals in India\"><span style=\"color:#000000\">capital</span></a><span style=\"color:#000000\"><span style=\"font-family:sans-serif; font-size:14px\">&nbsp;and largest city of the&nbsp;</span></span><a href=\"https://en.wikipedia.org/wiki/South_India\" style=\"text-decoration-line: none; color: rgb(11, 0, 128); background-image: none; background-position: initial; background-size: initial; background-repeat: initial; background-attachment: initial; background-origin: initial; background-clip: initial; font-family: sans-serif; font-size: 14px;\" title=\"South India\"><span style=\"color:#000000\">South Indian</span></a><span style=\"color:#000000\"><span style=\"font-family:sans-serif; font-size:14px\">&nbsp;state of&nbsp;</span></span><a href=\"https://en.wikipedia.org/wiki/Telangana\" style=\"text-decoration-line: none; color: rgb(11, 0, 128); background-image: none; background-position: initial; background-size: initial; background-repeat: initial; background-attachment: initial; background-origin: initial; background-clip: initial; font-family: sans-serif; font-size: 14px;\" title=\"Telangana\"><span style=\"color:#000000\">Telangana</span></a><span style=\"color:#000000\"><span style=\"font-family:sans-serif; font-size:14px\">. It was ruled by the&nbsp;</span></span><a class=\"mw-redirect\" href=\"https://en.wikipedia.org/wiki/Qutub_Shahis\" style=\"text-decoration-line: none; color: rgb(11, 0, 128); background-image: none; background-position: initial; background-size: initial; background-repeat: initial; background-attachment: initial; background-origin: initial; background-clip: initial; font-family: sans-serif; font-size: 14px;\" title=\"Qutub Shahis\"><span style=\"color:#000000\">Qutub Shahis</span></a><span style=\"color:#000000\"><span style=\"font-family:sans-serif; font-size:14px\">,&nbsp;</span></span><a class=\"mw-redirect\" href=\"https://en.wikipedia.org/wiki/Mughals\" style=\"text-decoration-line: none; color: rgb(11, 0, 128); background-image: none; background-position: initial; background-size: initial; background-repeat: initial; background-attachment: initial; background-origin: initial; background-clip: initial; font-family: sans-serif; font-size: 14px;\" title=\"Mughals\"><span style=\"color:#000000\">Mughals</span></a><span style=\"color:#000000\"><span style=\"font-family:sans-serif; font-size:14px\">&nbsp;and the&nbsp;</span></span><a class=\"mw-redirect\" href=\"https://en.wikipedia.org/wiki/Nizams\" style=\"text-decoration-line: none; color: rgb(11, 0, 128); background-image: none; background-position: initial; background-size: initial; background-repeat: initial; background-attachment: initial; background-origin: initial; background-clip: initial; font-family: sans-serif; font-size: 14px;\" title=\"Nizams\"><span style=\"color:#000000\">Nizams</span></a><span style=\"color:#000000\"><span style=\"font-family:sans-serif; font-size:14px\">&nbsp;which shaped its&nbsp;</span></span><a class=\"mw-redirect\" href=\"https://en.wikipedia.org/wiki/History_of_Hyderabad,_India\" style=\"text-decoration-line: none; color: rgb(11, 0, 128); background-image: none; background-position: initial; background-size: initial; background-repeat: initial; background-attachment: initial; background-origin: initial; background-clip: initial; font-family: sans-serif; font-size: 14px;\" title=\"History of Hyderabad, India\"><span style=\"color:#000000\">history</span></a><span style=\"color:#000000\"><span style=\"font-family:sans-serif; font-size:14px\">. The city is noted for its monuments which includes the masterpiece of&nbsp;</span></span><a href=\"https://en.wikipedia.org/wiki/Charminar\" style=\"text-decoration-line: none; color: rgb(11, 0, 128); background-image: none; background-position: initial; background-size: initial; background-repeat: initial; background-attachment: initial; background-origin: initial; background-clip: initial; font-family: sans-serif; font-size: 14px;\" title=\"Charminar\"><span style=\"color:#000000\">Charminar</span></a><span style=\"color:#000000\"><span style=\"font-family:sans-serif; font-size:14px\">&nbsp;and the fort of&nbsp;</span></span><a href=\"https://en.wikipedia.org/wiki/Golkonda\" style=\"text-decoration-line: none; color: rgb(11, 0, 128); background-image: none; background-position: initial; background-size: initial; background-repeat: initial; background-attachment: initial; background-origin: initial; background-clip: initial; font-family: sans-serif; font-size: 14px;\" title=\"Golkonda\"><span style=\"color:#000000\">Golconda</span></a><span style=\"color:#000000\"><span style=\"font-family:sans-serif; font-size:14px\">. There are a multitude of masjids, temples, churches and bazaars in the city.</span></span></p>\n'),(22,4,'<p>This tour of the heaven on earth is a total holiday which lets you to explore the most visited places in Kashmir. This place is a real heaven when it comes to its beauty. There are numerous options for us to explore in Kashmir around the year but the favourite is the spring which starts from February to early may.</p>\n\n<p>The most famous places here like Dal lake, Gulmarg, Pahalgametc are covered in this awesome experiential&nbsp;tour.</p>\n'),(23,4,'<p>Darjeeling can be termed as the gateway to the northest. This region is very famous for the tea estates and the te produced here re of high quality and export oriented. This region is blessed with nature&rsquo;s untouched beauty and is&nbsp; real abode of nature. Sikkim with its unmatched chrm is another attraction of this tour. The fast developing state is also famous among the traveling community for its richness of tourism resources. Places like Gangtok, kalimpongetc adds glory to its name.</p>\n'),(24,2,'<p>This is an absolutely spine chilling tour which will take you through some of the extreme terrains of Rajasthan. Rajasthan, a western state in India is home to a very rich tradition and its own unique culture. This tour lets you explore the unheard side of Rajasthan. Sansariis&nbsp; very scenic village in Rajasthan where we can experience the real essence of discovering the unexplored terrains on foot.</p>\n'),(25,2,'<p>The Kashmir Great Lakes trek is a trekking journey of 8 days and the trekking is best done during the period of July till September when the meadow track remains filled with blooming flowers and verdant greenery. The Kashmir Great Lakes trek is ideal for the nature lovers who wishes to bask in the charming beauty of lush landscapes, verdant meadows, fresh water lakes and myriad collection of wild flora at the backdrop of stunning peaks.</p>\n'),(26,2,'<p>This one of its kind adventure is a special expedition to Spiti valley can be the most exciting tour in the Himalayan terrain. This is a 9 day long Jeep expedition I which you will be exploring the whole region in an adventurous Jeep safari. The tour let you discover Spiti valley in a whole and gives us&nbsp; chnce to sneak through every single perspective.</p>\n'),(7,4,'<p>A resort town located on the banks of beas river, Manali is one of the most visited destinations in India.It is situated at a distance of around 550km from the national&nbsp;capital , the destination is an year round heaven for travelers.</p>\n\n<p>One can reach Manali from Delhi by road and by air through Kullu airport. Both Volvo bus , common commute bus and private taxi are available from Delhi.Kullu and Shimla can be combined enroute.</p>\n\n<p>In Manali you can visit Hidimba Devi temple, Manu Temple , Mall road, Solang Valley and can also go for a trip to Rohtang pass. Adventure seekers can go for activities like Paragliding , Cable car , Skeiing , White water rafting etc :</p>\n'),(27,3,'<p>mm</p>\n'),(6,1,'<ul>\n	<li><span style=\"color:rgb(84, 84, 84); font-family:arial,sans-serif; font-size:small\">The&nbsp;</span><strong>Hornbill Festival</strong><span style=\"color:rgb(84, 84, 84); font-family:arial,sans-serif; font-size:small\">&nbsp;is a celebration held every year from 1 - 10 December, in Nagaland, Northeast India. It is also called the &#39;Festival of Festivals&#39;.</span></li>\n	<li>To encourage inter-tribal interaction and to promote cultural heritage of Nagaland, the Government of Nagaland organizes the Hornbill Festival every year in the first week of December. The first festival was held in 2000.</li>\n	<li>\n	<p>The festival is named after the Indian hornbill&nbsp;the large and colourful forest bird which is displayed in the folklore of most of the state&#39;s tribes.</p>\n	</li>\n</ul>\n\n<p><strong>Accessibility:</strong> The Hornbill Festival venue -&nbsp;<strong>Naga Heritage Complex</strong>&nbsp;is at&nbsp;<strong>Kisama&nbsp;village situated 12 km</strong> away from Kohima on NH-39 (Imphal highway). The venue for the <strong>Rock concert is&nbsp;either at IG Stadium Kohima</strong>, 20 km from Kisama or Dimapur. Nagaland is well connected by Road, Air, and Train. Nearest Airport and Railway station are at&nbsp;<strong>Dimapur</strong>&nbsp;which is at a distance of 70 km from the state capital Kohima. Regular shared vehicles are available from&nbsp;Dimapur Railway Station/airport.&nbsp;Guwahati to Dimapur&nbsp;is connected by various trains and&nbsp;<strong>Shatabdi-12067</strong>&nbsp;is the best option. By road, it is 340 Km and around 8 hour&rsquo;s journey from Guwahati. Daily overnight buses from&nbsp;<strong>Guwahati &nbsp;ISBT</strong>&nbsp;are available. Private vehicles on hire are available from Guwahati and Jorhat.</p>\n\n<p><strong>Campsite</strong>:&nbsp;Pre-pitched Dome and Alpine shaped tents 02-sharing, 03-sharing and 04-sharing with Sleeping Bags/Blankets-Mats will be provided by us. Other available facilities are 24 hours access to water, common Lobby and Charging Plug Points, Angami Naga Kitchen, Snacks, eco-friendly toilet-bathrooms and&nbsp;<strong>Hot water&nbsp;on request</strong>. The campsite is&nbsp;<strong>100 Meters</strong>&nbsp;away from the main stage and just behind the festival police outpost. The campsite is on the terraces overlooking the Kohima town.</p>\n\n<p>&nbsp;</p>\n'),(21,4,'<p><span style=\"font-family:verdana,sans-serif\">Himachal Pradesh tourism draws millions of visitors who love to spend their holidays in relaxed atmosphere and relaxing sylvan environment. With our customize package of&nbsp;</span>&nbsp;5 Nights and 6 Days Shimla - Manali tour, explore the destinations of&nbsp;Shimla and Manali which is one of the significant areas in Himachal. Explore the spectacular natural charm of this Northern State of India.</p>\n'),(28,3,'<p>It&nbsp;is located, to perfectly blend into the forest, so you can enjoy your own private jungle and the spectacular view of the River Periyar. Along its banks, birds flock in their thousands and the cool ambience is the ultimate prize for the birder. Known as the Birder&#39;s Paradise, the&nbsp;Camp and the adjoining Dr Salim Ali Bird Sanctuary, is home to over 300 species of birds, including all the endemics. Mottled Wood Owl, Brown Wood Owl, Spot-bellied Eagle Owl, Malayan Night Heron, Sri Lanka Frogmouth, Rusty-tailed Flycatcher, Grey-headed Bulbul, Nilgiri Wood Pigeon are some of the rarer species found here</p>\n');
/*!40000 ALTER TABLE `tbl_pkg_category_about` ENABLE KEYS */;
UNLOCK TABLES;

--
-- Table structure for table `tbl_pkg_category_detail`
--

DROP TABLE IF EXISTS `tbl_pkg_category_detail`;
/*!40101 SET @saved_cs_client     = @@character_set_client */;
/*!40101 SET character_set_client = utf8 */;
CREATE TABLE `tbl_pkg_category_detail` (
  `id` int(11) NOT NULL AUTO_INCREMENT,
  `pkg_cat_id` int(11) DEFAULT NULL,
  `destination_id` int(11) DEFAULT NULL,
  `hand_picked_pkg` int(11) NOT NULL DEFAULT 0,
  `title` varchar(500) DEFAULT NULL,
  `pg_title` varchar(1000) DEFAULT NULL,
  `pg_desc` varchar(1000) DEFAULT NULL,
  `descr` text DEFAULT NULL,
  `price` float DEFAULT NULL,
  `cover_img` varchar(2000) DEFAULT NULL,
  `banner_img` varchar(2000) DEFAULT NULL,
  `theme` varchar(500) DEFAULT NULL,
  `location_type` varchar(500) DEFAULT NULL,
  `suitable_for` varchar(500) DEFAULT NULL,
  `meal_type` varchar(500) DEFAULT NULL,
  `stays` varchar(500) DEFAULT NULL,
  `created_date` datetime NOT NULL,
  `node_order` int(11) NOT NULL,
  PRIMARY KEY (`id`)
) ENGINE=InnoDB AUTO_INCREMENT=29 DEFAULT CHARSET=latin1;
/*!40101 SET character_set_client = @saved_cs_client */;

--
-- Dumping data for table `tbl_pkg_category_detail`
--

LOCK TABLES `tbl_pkg_category_detail` WRITE;
/*!40000 ALTER TABLE `tbl_pkg_category_detail` DISABLE KEYS */;
INSERT INTO `tbl_pkg_category_detail` VALUES (6,1,11,0,'Hornbill Festival','Hornbill Festival','Hornbill Festival','Hornbill Festival Camping Tour 4N 5D',15000,'http://holidayhawks.in/uploads/Manash Chetia 1 I KITE MANJA1.jpg','http://holidayhawks.in/uploads/Manash Chetia I KITE MANJA2.jpg','Festival Tours','Hillstation','All','Map','Tented Camps','2018-10-02 16:01:36',1),(7,4,13,0,'Snowy Manali','page title','page disc','Experience the Snowy Manali',11000,'http://holidayhawks.in/uploads/mountaineerz-1143556_19201.jpg','http://holidayhawks.in/uploads/mountaineerz-1143556_19202.jpg','Leisure Tours','Hillstation','All','MAP','Snow Cottages','2018-10-02 16:16:40',2),(9,3,9,0,'Chokramudi Camping Tour','Chokramudi trek & Camp','test','Chokramudi Trek n Camp Tour 1N 2D',2000,'http://holidayhawks.in/uploads/WhatsApp Image 2018-09-06 at 9.46.07 PM.jpeg','http://holidayhawks.in/uploads/WhatsApp Image 2018-09-06 at 9.46.09 PM.jpeg','Adventure','Hillstation','Young Adults','MAP','Tented Camps','2018-10-09 06:21:42',4),(10,4,18,0,'Hyderabad Experiences','dd','dd','Experience the city of pearls',8500,'http://holidayhawks.in/uploads/charminar3.jpg','http://holidayhawks.in/uploads/18-Qutb-Shahi-tombs-heritage3.jpg','Leisure Tours','City','All','MAP','Resorts / Cottages','2018-10-12 10:58:13',5),(12,1,22,0,'Kerala Off Beat','Kerala Off beat','Kerala Off beat','Unravel the Kerala Offbeat Experiences',15000,'http://holidayhawks.in/uploads/201611181022301.jpg','http://holidayhawks.in/uploads/bird+sanctuary2.jpg','Family','Forest + Hills + Backwaters','All','MAP','Cottages','2018-11-05 10:46:29',7),(13,1,22,0,'Kerala Back Water Tour','Kerala Backwaters','Kerala Backwaters','Explore the Back Waters of Kerala',14500,'http://holidayhawks.in/uploads/Day 11.jpg','http://holidayhawks.in/uploads/kayak2.jpg','Adventure','Kerala Backwaters','Youths','CP','Cottages','2018-11-05 12:55:59',8),(14,1,22,0,'Kerala Camping Tour','Camp Kerala ','Camp Kerala ','Camp Kerala Tour',9500,'http://holidayhawks.in/uploads/WhatsApp Image 2018-09-12 at 107.jpeg','http://holidayhawks.in/uploads/Webp12.jpg','Adventure','Forest & Hills','Youths','MAP','Tented Camps','2018-11-07 11:02:45',9),(15,1,22,0,'Off beat Living Experience','o','p','Experience the art of vivid living',15000,'http://holidayhawks.in/uploads/River House- Dining.JPG','http://holidayhawks.in/uploads/River House- Pool.JPG','Off beat + Leisure','Plantation + Riverside + Hills','All','CP','Cottages & Bungalows','2018-11-07 12:54:55',10),(16,4,22,0,'Kerala Experiential Tour','Kerala Tour','Kerala Tour','Experiential Kerala Tour',15000,'http://holidayhawks.in/uploads/139_aboutslider8.jpg','http://holidayhawks.in/uploads/133_aboutslider2.jpg','Family','Kerala Terrains ','All','CP','Plantation Log Houses & Cottages','2018-11-07 13:34:45',11),(17,3,9,0,'Kanthalloor Cottage Experience','n','m','Kanthalloor Cottage with Ottamala Off road drive and Erichippara falls Visit',1300,'http://holidayhawks.in/uploads/nest8.jpg','http://holidayhawks.in/uploads/nest1.jpg','Kerala Weekend Plan','Hillstation','Youths','EP','Cottages','2018-11-15 13:19:12',12),(18,3,9,0,'Marayoor Farm Cottage','Marayoor Farm Cottage','f','Marayoor Farm Cottage with Off road drive and Pampar River Bath',1550,'http://holidayhawks.in/uploads/14263960568_0d19990664_b.jpg','http://holidayhawks.in/uploads/WhatsApp Image 2018-10-17 at 12.48.37 PM (1).jpeg','Kerala Weekend Plan','Hillstation','Youths','EP','Farm Cottage','2018-11-15 13:38:17',13),(19,3,9,0,'Luxury Cottage in Kanthalloor ','Luxury Cottage in Kanthalloor ','v','Luxury Cottage in Kanthalloor with Muniyara & Sandalwood visit',1550,'http://holidayhawks.in/uploads/dolmens_marayoour_idukki.jpg','http://holidayhawks.in/uploads/nest42.jpg','Kerala Weekend Plan','Hillstation','Youths','EP','Cottages','2018-11-17 05:42:35',14),(20,3,9,0,'Marayoor Rock Cottage Stay ','n','m','Rock Cottage Stay with Night Jeep Safari',1500,'http://holidayhawks.in/uploads/WhatsApp Image 2018-07-26 at 1.59.03 PM (1).jpeg','http://holidayhawks.in/uploads/WhatsApp Image 2018-07-26 at 1.58.32 PM.jpeg','Kerala Weekend Plan','Forest','Youths','MAP','Rock Cottages','2018-11-17 06:30:45',15),(21,4,13,0,'Shimla Kullu Manali Experience','N','m','Shimla - Manali Experiences 5N 6D',14000,'http://holidayhawks.in/uploads/snow-2031259_1920.jpg','http://holidayhawks.in/uploads/kufri-1234728_1920.jpg','Family','Hillstation','All','MAP','Cottages','2018-11-17 07:39:38',16),(22,4,10,0,'Kashmir Experience 5N 6D','y','y','Explore Heaven..Explore Kashmir',13500,'http://holidayhawks.in/uploads/dal-3396109_19201.jpg','http://holidayhawks.in/uploads/ladakh-489296_960_7201.jpg','Experiential Leisure','Hillstation','All','MAP','Cottages','2018-11-17 15:16:17',17),(23,4,24,0,'Darjeeling Experiences','a','h','Darjeeling - Sikkim Experiences 5N 6D',15000,'http://holidayhawks.in/uploads/darjeeling-197611_960_7202.jpg','http://holidayhawks.in/uploads/darjeeling-197611_960_7203.jpg','Favorite Pickups','Hillstation','All','MAP','Cottages','2018-11-19 15:42:28',18),(24,2,28,0,'Sansari Rustic Adventure Trekking Tour  Rajasthan','f','f','Sansari Rustic Adventure Trekking Tour',26500,'http://holidayhawks.in/uploads/sasari cover.jpg','http://holidayhawks.in/uploads/SUMER-TREK-TO-SANSAR banner.jpg','Adventure','Rural Terrains ','Young Adults','AP','Tented Camps','2018-11-23 06:39:23',19),(25,2,10,0,'Great Lakes Trekking Tour Kashmir','v','v','Great Lakes Trekking Tour Kashmir',35000,'http://holidayhawks.in/uploads/HIMALAYANTREKKING_10717_02.jpg','http://holidayhawks.in/uploads/KGL-Ashwin-Gadsar-lake-Nature-at-its-best.jpg','Adventure','Hillstation','Young Adults','AP','Tented Camps','2018-11-23 10:38:56',20),(26,2,13,0,'Spiti Valley Jeep Safari','f','f','Spiti Valley Jeep Safari',21000,'http://holidayhawks.in/uploads/spiti cover.jpg','http://holidayhawks.in/uploads/spiti banner.jpeg','Adventure','Hillstation','Young Adults','MAP','Hotels & Camp','2018-11-24 07:26:59',21),(28,3,26,0,'Kayaking and Adventure Camp Tour Thattekkad','n','n','Thattekkad Adventure Camp Tour',1250,'http://holidayhawks.in/uploads/38773874.jpg','http://holidayhawks.in/uploads/144527340.jpg','Adventure','Forest  & River','Youths','Lunch & Tea','Tented Camps','2019-01-05 13:18:35',22);
/*!40000 ALTER TABLE `tbl_pkg_category_detail` ENABLE KEYS */;
UNLOCK TABLES;

--
-- Table structure for table `tbl_pkg_category_gallery`
--

DROP TABLE IF EXISTS `tbl_pkg_category_gallery`;
/*!40101 SET @saved_cs_client     = @@character_set_client */;
/*!40101 SET character_set_client = utf8 */;
CREATE TABLE `tbl_pkg_category_gallery` (
  `id` int(11) NOT NULL AUTO_INCREMENT,
  `pkg_id` int(11) NOT NULL,
  `pkg_cat_id` int(11) NOT NULL,
  `file` varchar(2000) NOT NULL,
  `file_type` varchar(50) NOT NULL,
  `status` int(11) NOT NULL,
  PRIMARY KEY (`id`)
) ENGINE=InnoDB AUTO_INCREMENT=116 DEFAULT CHARSET=latin1;
/*!40101 SET character_set_client = @saved_cs_client */;

--
-- Dumping data for table `tbl_pkg_category_gallery`
--

LOCK TABLES `tbl_pkg_category_gallery` WRITE;
/*!40000 ALTER TABLE `tbl_pkg_category_gallery` DISABLE KEYS */;
INSERT INTO `tbl_pkg_category_gallery` VALUES (5,2,3,'http://holidayhawks.in/uploads/62bee947-386d-4a0b-9159-b49bcbdbca1c.jpg','image',1),(6,2,3,'http://holidayhawks.in/uploads/3cb3679c-5b15-41e2-9178-225d5b192725.jpg','image',1),(7,2,3,'http://holidayhawks.in/uploads/474a6ec2-96ed-476a-a32c-67662ce486181.jpg','image',1),(8,2,3,'http://holidayhawks.in/uploads/4a13675d-b89d-401a-be42-59cec578f8c01.jpg','image',1),(9,2,3,'http://holidayhawks.in/uploads/48755-devavrata-becomes-bhishma-shantanu-matsyagandhi.jpg','image',1),(10,3,3,'http://holidayhawks.in/uploads/4217724d-10c1-4e73-8273-b67786ff170b1.jpg','image',1),(11,3,3,'http://holidayhawks.in/uploads/93b0075c-3490-49e9-928d-367afe7f0041.jpg','image',1),(12,3,3,'http://holidayhawks.in/uploads/415b7f32-ee41-4b2a-93d0-74c4308075041.jpg','image',1),(13,5,4,'http://holidayhawks.in/uploads/play-in-snow.jpg','image',1),(14,5,4,'http://holidayhawks.in/uploads/jk42.jpg','image',1),(15,5,4,'http://holidayhawks.in/uploads/jk3.jpg','image',1),(16,1,3,'http://holidayhawks.in/uploads/WhatsApp Image 2018-09-26 at 1.32.55 PM.jpeg','image',1),(17,1,3,'http://holidayhawks.in/uploads/WhatsApp Image 2018-09-26 at 11.jpeg','image',1),(18,1,3,'http://holidayhawks.in/uploads/WhatsApp Image 2018-09-26 at 1.34.13 PM.jpeg','image',1),(19,1,3,'http://holidayhawks.in/uploads/WhatsApp Image 2018-09-26 at 1.34.11 PM.jpeg','image',1),(25,8,2,'http://holidayhawks.in/uploads/stock-photo-a-bungalow-house-in-a-forest-243529465.jpg','image',0),(26,8,2,'http://holidayhawks.in/uploads/Munnar1.jpg','image',0),(27,8,2,'http://holidayhawks.in/uploads/marayoor sandal wood1.jpg','image',0),(28,10,4,'http://holidayhawks.in/uploads/18-bogatha-nature.jpg','image',0),(29,10,4,'http://holidayhawks.in/uploads/18-Qutb-Shahi-tombs-heritage.jpg','image',0),(30,10,4,'http://holidayhawks.in/uploads/birla-mandir.jpg','image',0),(32,7,4,'http://holidayhawks.in/uploads/river-rafting-960158_19201.jpg','image',1),(36,13,1,'http://holidayhawks.in/uploads/water-3080147_960_720.jpg','image',1),(37,13,1,'http://holidayhawks.in/uploads/alappuzha-774928_960_7202.jpg','image',1),(38,14,1,'http://holidayhawks.in/uploads/WhatsApp Image 2018-09-26 at 17.jpeg','image',1),(39,14,1,'http://holidayhawks.in/uploads/WhatsApp Image 2018-09-26 at 18.jpeg','image',1),(40,14,1,'http://holidayhawks.in/uploads/WhatsApp Image 2018-09-15 at 74.jpeg','image',1),(41,15,1,'http://holidayhawks.in/uploads/River House- Bedroom.JPG','image',1),(42,15,1,'http://holidayhawks.in/uploads/River House- Living.JPG','image',1),(43,15,1,'http://holidayhawks.in/uploads/River House- Pool1.JPG','image',1),(44,15,1,'http://holidayhawks.in/uploads/River House- River.JPG','image',0),(45,0,0,'http://holidayhawks.in/uploads','image',0),(49,17,3,'http://holidayhawks.in/uploads/nest2.jpg','image',0),(50,17,3,'http://holidayhawks.in/uploads/nest3.jpg','image',0),(51,17,3,'http://holidayhawks.in/uploads/nest4.jpg','image',0),(52,17,3,'http://holidayhawks.in/uploads/nest6.jpg','image',0),(53,17,3,'http://holidayhawks.in/uploads/nest7.jpg','image',0),(54,17,3,'http://holidayhawks.in/uploads/nest-12.jpg','image',0),(55,18,3,'http://holidayhawks.in/uploads/WhatsApp Image 2018-10-17 at 12.48.39 PM (2).jpeg','image',1),(56,18,3,'http://holidayhawks.in/uploads/d.jpg','image',1),(57,18,3,'http://holidayhawks.in/uploads/q.jpg','image',1),(58,19,3,'http://holidayhawks.in/uploads/nest43.jpg','image',1),(59,19,3,'http://holidayhawks.in/uploads/nest21.jpg','image',1),(60,19,3,'http://holidayhawks.in/uploads/nest61.jpg','image',1),(61,19,3,'http://holidayhawks.in/uploads/nest83.jpg','image',1),(62,20,3,'http://holidayhawks.in/uploads/WhatsApp Image 2018-07-26 at 1.59.30 PM (1).jpeg','image',1),(63,20,3,'http://holidayhawks.in/uploads/WhatsApp Image 2018-07-26 at 13.jpeg','image',1),(64,20,3,'http://holidayhawks.in/uploads/WhatsApp Image 2018-07-26 at 1.59.26 PM (1).jpeg','image',1),(65,20,3,'http://holidayhawks.in/uploads/WhatsApp Image 2018-07-26 at 1.59.29 PM (1).jpeg','image',1),(66,20,3,'http://holidayhawks.in/uploads/WhatsApp Image 2018-07-26 at 1.59.29 PM.jpeg','image',1),(67,21,4,'http://holidayhawks.in/uploads/mountaineerz-1143556_19204.jpg','image',1),(68,21,4,'http://holidayhawks.in/uploads/himalayas-2990307_19202.jpg','image',1),(69,21,4,'http://holidayhawks.in/uploads/adventure-beach-dawn-3821771.jpg','image',1),(70,22,4,'http://holidayhawks.in/uploads/ladakh-16909_960_720.jpg','image',1),(71,22,4,'http://holidayhawks.in/uploads/ledakh.jpg','image',1),(72,22,4,'http://holidayhawks.in/uploads/dal-3396109_19202.jpg','image',1),(73,22,4,'http://holidayhawks.in/uploads/kayaking-850455_1920.jpg','image',1),(74,23,4,'http://holidayhawks.in/uploads/darjeeling-197611_960_7204.jpg','image',1),(75,23,4,'http://holidayhawks.in/uploads/destination listing banner2.jpg','image',1),(76,24,2,'http://holidayhawks.in/uploads/sansari camp day1.jpg','image',1),(77,24,2,'http://holidayhawks.in/uploads/sansari day1.jpg','image',1),(78,24,2,'http://holidayhawks.in/uploads/sasari cover1.jpg','image',1),(79,25,2,'http://holidayhawks.in/uploads/day 6.jpg','image',1),(80,25,2,'http://holidayhawks.in/uploads/day8.jpg','image',1),(81,25,2,'http://holidayhawks.in/uploads/Gallery_1.jpg','image',1),(82,25,2,'http://holidayhawks.in/uploads/KGL-Ashwin-Gadsar-lake-Nature-at-its-best1.jpg','image',1),(83,26,2,'http://holidayhawks.in/uploads/day11.jpg','image',1),(84,26,2,'http://holidayhawks.in/uploads/day31.jpg','image',1),(85,26,2,'http://holidayhawks.in/uploads/day21.jpg','image',1),(87,26,2,'http://holidayhawks.in/uploads/Kaza-monastery-photoday51.jpg','image',1),(88,6,1,'http://holidayhawks.in/uploads/Hornbill Campsite I Bitu Chetia I KITE MANJA1.jpg','image',1),(89,6,1,'http://holidayhawks.in/uploads/Manash Chetia I KITE MANJA1.jpg','image',1),(90,6,1,'http://holidayhawks.in/uploads/Hornbill I Manash Chetia I KITE MANJA1.jpg','image',1),(91,6,1,'http://holidayhawks.in/uploads/Hornbill I Bitu Chetia I KITE MANJA Campsite(3).jpg','image',1),(92,12,1,'http://holidayhawks.in/uploads/1e60b2a6_z.jpg','image',1),(93,12,1,'http://holidayhawks.in/uploads/Thattekad-Tours-by-Vinod-Thattekad.jpg','image',1),(94,12,1,'http://holidayhawks.in/uploads/19825886830_d740da51a3_b.jpg','image',1),(95,12,1,'http://holidayhawks.in/uploads/bird+sanctuary.jpg','image',1),(96,12,1,'http://holidayhawks.in/uploads/day23.jpg','image',1),(97,16,4,'http://holidayhawks.in/uploads/WhatsApp Image 2018-09-12 at 10.32.29 PM.jpeg','image',1),(98,16,4,'http://holidayhawks.in/uploads/destination.jpg','image',1),(99,16,4,'http://holidayhawks.in/uploads/destination2.jpg','image',1),(100,16,4,'http://holidayhawks.in/uploads/049130598Thekkady_Main2.jpg','image',1),(101,16,4,'http://holidayhawks.in/uploads/houseboat1 (2)3.jpg','image',1),(102,21,4,'http://holidayhawks.in/uploads/IN_KTM201308050412 rohtang-L1.jpg','image',1),(103,21,4,'http://holidayhawks.in/uploads/IN_MAN201308060516-L1.jpg','image',1),(104,28,3,'http://holidayhawks.in/uploads/38773868.jpg','image',1),(105,28,3,'http://holidayhawks.in/uploads/38773870.jpg','image',1),(106,28,3,'http://holidayhawks.in/uploads/38773886.jpg','image',1),(108,28,3,'http://holidayhawks.in/uploads/387738741.jpg','image',1),(109,28,3,'http://holidayhawks.in/uploads/1445273401.jpg','image',1),(110,28,3,'http://holidayhawks.in/uploads/38773867.jpg','image',1),(111,28,3,'http://holidayhawks.in/uploads/38773860.jpg','image',1),(113,28,3,'http://holidayhawks.in/uploads/38773866.jpg','image',1),(114,28,3,'http://holidayhawks.in/uploads/144530195.jpg','image',1),(115,28,3,'http://holidayhawks.in/uploads/144531017.jpg','image',1);
/*!40000 ALTER TABLE `tbl_pkg_category_gallery` ENABLE KEYS */;
UNLOCK TABLES;

--
-- Table structure for table `tbl_pkg_category_highlights`
--

DROP TABLE IF EXISTS `tbl_pkg_category_highlights`;
/*!40101 SET @saved_cs_client     = @@character_set_client */;
/*!40101 SET character_set_client = utf8 */;
CREATE TABLE `tbl_pkg_category_highlights` (
  `id` int(11) NOT NULL AUTO_INCREMENT,
  `pkg_id` int(11) NOT NULL,
  `pkg_cat_id` int(11) NOT NULL,
  `highlight` text NOT NULL,
  PRIMARY KEY (`id`)
) ENGINE=InnoDB AUTO_INCREMENT=289 DEFAULT CHARSET=latin1;
/*!40101 SET character_set_client = @saved_cs_client */;

--
-- Dumping data for table `tbl_pkg_category_highlights`
--

LOCK TABLES `tbl_pkg_category_highlights` WRITE;
/*!40000 ALTER TABLE `tbl_pkg_category_highlights` DISABLE KEYS */;
INSERT INTO `tbl_pkg_category_highlights` VALUES (1,1,1,'Lorem ipsum dolor sit amet'),(2,1,1,' consectetur adipiscing elit.'),(3,1,1,'Ut id metus eget purus congue faucibus.'),(4,1,1,'Morbi malesuada quam ut felis ultrices'),(5,1,1,' a porta neque viverra.'),(6,1,1,'Suspendisse a felis non est scelerisque pharetra id non lectus.'),(7,1,1,'Aenean ac sapien tempor'),(8,1,1,' consectetur eros eget'),(9,1,1,' volutpat libero.'),(10,2,3,'dfghfgfd'),(11,2,3,'gdfgdfgdfg'),(12,2,3,'fdgdfgdfg'),(13,2,3,'dfgdfgdfg'),(14,2,3,'dfgdfgdfgdfg'),(15,2,3,'dfgdfgdfgdfg'),(17,3,3,'Jeep Safari'),(18,3,3,'campfire'),(19,3,3,'Waterfallvisit'),(20,3,3,'BBQ'),(54,8,2,'Meeshapulimala Mountain Trekking '),(55,8,2,'Tented Camping over Kolukkumala or British Bungalow Munnar'),(56,8,2,'Forest Camps in Thekkady'),(57,8,2,'Off Road Jeep Trek in Thekkady'),(58,8,2,'Elephant trail in Thekkady'),(59,8,2,'Lake Kayaking in Vagamon'),(60,8,2,'Vagamon Tented Camps'),(61,8,2,'Spice Plantation Guest house in Thekkady'),(62,8,2,'Paragliding in Vagamon '),(77,9,3,'Tented camps in Chokramudi Peak'),(78,9,3,' Chokramudi Hiking'),(79,9,3,'Jeep Safari'),(80,9,3,'Bonfire'),(81,9,3,'BBQ'),(82,9,3,'Dinner & Breakfast'),(83,9,3,'Waterfall Visit'),(103,13,1,'Thattekkad Bird Sanctuary Visit'),(104,13,1,'Kayaking'),(105,13,1,'Bamboo Rafting'),(106,13,1,'Shikkara Ride'),(107,13,1,'Lake Cruise '),(108,12,1,'Pickup and drop at Cochin'),(109,12,1,'3 nights stay at Kochi'),(110,12,1,'1 night stay at Kothamanagalam'),(111,12,1,'Tour of Athirappilly waterfalls'),(112,12,1,'Cherai beach tour'),(113,12,1,'Fort Kochi half day excursion'),(114,12,1,'Thattekad bird sanctuary visit'),(115,12,1,'Pooyamkutti jungle day tour'),(116,14,1,'Pickup and drop'),(117,14,1,'1-night camping in Mankulam'),(118,14,1,'2 nights camping in Suryanelli'),(119,14,1,'1 night camping in Vagamon'),(120,14,1,'Bonfire everyday'),(121,14,1,'All breakfast and dinner'),(122,14,1,'2 barbecue'),(123,15,1,'1 night stay at ancient British mansion bungalow'),(124,15,1,'1 night tent camping with bonfire and barbecue'),(125,15,1,'1 night plantation cottage stay'),(126,15,1,'1 night at houseboat'),(127,15,1,'1 night at homestay'),(128,15,1,'All breakfasts'),(129,15,1,'2 dinners and 1 lunch'),(130,15,1,'Pickup'),(131,15,1,' drop and transfers on private basis'),(132,16,4,'3 nights stay at hotels'),(133,16,4,'1 night houseboat'),(134,16,4,'All breakfast'),(135,16,4,'1 dinner and 1 lunch'),(136,16,4,'Pickup'),(137,16,4,' drop and transfers on private basis'),(138,17,3,'01 Night Accommodation in cottage'),(139,17,3,'Off road jeep safari'),(140,17,3,'Waterfall visit'),(141,17,3,'Apple farm visit'),(142,18,3,'Self Cooking Kitchen'),(143,18,3,'Campfire facility'),(144,18,3,'Off road drive'),(145,18,3,'Pampar river bath'),(146,18,3,'01 Night farm cottage'),(147,19,3,'Luxury Cottage Stay'),(148,19,3,'Muniyara Visit'),(149,19,3,'Sandalwoods Visit'),(150,19,3,'Off road drive'),(151,20,3,'Forest Stay'),(152,20,3,'Night Jeep Safari'),(153,20,3,'Dinner and Breakfast'),(154,20,3,'Natural stream and waterfall visit'),(156,21,4,'All accommodations in 3 star hotels'),(157,21,4,'All transfers in Private Cab'),(158,21,4,'All breakfast and dinner'),(159,21,4,'All accommodations in 3 star hotels'),(160,21,4,'All breakfast and dinner'),(161,10,4,'Stay in Hyderabad Hotel in A/C Accommodation'),(162,10,4,'A/C  Cab for Hyderabad Local Sightseeing '),(163,10,4,'All Sightseeing Transfers as per the Itinerary'),(164,10,4,'Pickup and Drop from Hyderabad Airport / Railway Station / Bus Stand'),(169,22,4,'3 night accommodation in Srinagar'),(170,22,4,'2 night accommodation in pahalgam'),(171,22,4,'All breakfast and dinners'),(172,22,4,'Sightseeing tours of srinagar and pahalgam'),(173,22,4,'Shikhara boat ride in Dal lake'),(174,23,4,'Accommodation on twin Sharing Basis or similar'),(175,23,4,'Meals – Breakfast & Dinner'),(176,23,4,'Exclusive vehicle for transfers & sightseeing as per itinerary'),(177,23,4,'All permit fees & hotel taxes (as per itinerary)'),(178,24,2,'4 Nights Accommodations  on Double /  twin sharing basis'),(179,24,2,'English Speaking Trekking guide'),(180,24,2,'All Meals'),(181,24,2,'One Local Navigator cum Porter during Treks'),(182,24,2,'Jungle / Fort entrance Fees.'),(183,24,2,'Ranakpur Temple Entrance'),(184,24,2,'Hiking Sticks at the time of trekking'),(185,24,2,'First Aid Kit'),(203,25,2,'Accommodation during the trek (camping: 2-3 per tent)'),(204,25,2,'Trekking permits and forest camping charges'),(205,25,2,'Trekking equipment '),(206,25,2,' sleeping bags'),(207,25,2,'Services of an expert trek leader (qualified in basic/advanced mountaineering courses)'),(208,25,2,'Safety equipment (first aid'),(209,25,2,'  medical kit )'),(210,25,2,'Services of an expert trek team '),(219,26,2,'Transfers from Delhi to Delhi by Innova Cab'),(220,26,2,'7 Night stay in Hotel and 1 Night in Camp'),(221,26,2,'8 Breakfast & 8 Dinner for each traveller'),(222,26,2,'Ki Monastry Entry Fee'),(223,26,2,'Parking fee'),(224,26,2,' Fuel Charges'),(225,26,2,' Driver Included'),(226,26,2,'All Applicable Taxes'),(227,7,4,'Volvo transport and return '),(228,7,4,'Breakfast & Dinner'),(229,7,4,'3 Nights stay in Manali'),(230,7,4,'Driver cum guide'),(231,7,4,'Local sightseeing in Private cab'),(243,6,1,'Tented Camping accommodations'),(244,6,1,'Naga village visits.'),(245,6,1,'Hornbill Festival tickets'),(246,6,1,'Bonfire and Open Sky for Jamming '),(247,6,1,' Dzukou Valley trek'),(275,28,3,'Welcome Drink on arrival '),(276,28,3,'Guided 01 hour Kayaking at Periyar River'),(277,28,3,' Soft trekking at Dr. Salim Ali Birding trail '),(278,28,3,'Usage of Indoor and outdoor activities viz. Cricket'),(279,28,3,' Volley Ball'),(280,28,3,' Badminton'),(281,28,3,' Tug-of-War'),(282,28,3,' Caroms'),(283,28,3,' Frisbee'),(284,28,3,'Turnball junior etc.'),(285,28,3,'01 hour cycling '),(286,28,3,' Lunch (with 2 Non Veg dishes)- Buffet '),(287,28,3,'Evening Tea & Snacks'),(288,28,3,'Tents for Refreshments');
/*!40000 ALTER TABLE `tbl_pkg_category_highlights` ENABLE KEYS */;
UNLOCK TABLES;

--
-- Table structure for table `tbl_pkg_category_info`
--

DROP TABLE IF EXISTS `tbl_pkg_category_info`;
/*!40101 SET @saved_cs_client     = @@character_set_client */;
/*!40101 SET character_set_client = utf8 */;
CREATE TABLE `tbl_pkg_category_info` (
  `id` int(11) NOT NULL AUTO_INCREMENT,
  `pkg_id` int(11) NOT NULL,
  `pkg_cat_id` int(11) NOT NULL,
  `title` varchar(2000) DEFAULT NULL,
  `descr` text DEFAULT NULL,
  PRIMARY KEY (`id`)
) ENGINE=InnoDB AUTO_INCREMENT=66 DEFAULT CHARSET=latin1;
/*!40101 SET character_set_client = @saved_cs_client */;

--
-- Dumping data for table `tbl_pkg_category_info`
--

LOCK TABLES `tbl_pkg_category_info` WRITE;
/*!40000 ALTER TABLE `tbl_pkg_category_info` DISABLE KEYS */;
INSERT INTO `tbl_pkg_category_info` VALUES (1,1,1,'cancellation','<p>dsfdsfdsf</p>\n'),(2,1,1,'Terms','<p>dfgdfgdfg</p>\n'),(3,1,1,'conditions','<p>ddsfsdfdf</p>\n'),(4,2,3,'dfgdfg','<p>dfg dfgdf gdfg</p>\n'),(5,3,3,'Advisory','<p>test</p>\n'),(6,3,3,'Cancellation Policy','<p>test</p>\n'),(7,3,3,'Terms & Condition','<p>Test</p>\n'),(8,7,4,'Inclusions','<p>Dinner &amp; Breakfast</p>\n\n<p>All transfers</p>\n\n<p>Volvo tickets aruond the trip</p>\n\n<p>&nbsp;</p>\n'),(9,7,4,'Terms & Conditions',''),(10,7,4,'Cancellation Policy',''),(15,8,2,'Advisory','<p>test</p>\n'),(16,8,2,'Things to carry','<p>test</p>\n'),(17,8,2,'Cancellation Policy','<p>Test</p>\n'),(36,6,1,'Exclusions',''),(37,6,1,'Terms & Conditions',''),(38,6,1,'Cancellation Policy',''),(48,24,2,'Exclusions','<ul>\n	<li>Air fare / train fare.</li>\n	<li>Any meals other than those specified in included cost.</li>\n	<li>Expenses of personal nature such as tips, telephone calls, laundry, liquor, still or video camera etc.</li>\n	<li>Any other item not specified in &lsquo;cost included items&rsquo;.</li>\n	<li>Any Kind of Personal Expenses such as Tips, Laundry, Telephone Bill sand Alcoholic&nbsp;&nbsp;&nbsp; beverages.</li>\n	<li>Any Air fare / train fare.</li>\n	<li>Camera Fees (Still or Movie).</li>\n	<li>&nbsp;Unspecified Meals etc.&nbsp;</li>\n	<li>Any other item not specified in &lsquo;cost included items&rsquo;.&nbsp;</li>\n</ul>\n'),(49,24,2,'Terms & Conditions',''),(50,24,2,'Cancellation Policy',''),(51,25,2,'Exclusions','<ul>\n	<li>Transport to and from the base camp</li>\n	<li>Food during transit to and from the base camp</li>\n	<li>Stay on the last day is not included</li>\n	<li>Personal expenses of any kind</li>\n	<li>Anything apart from the inclusions</li>\n</ul>\n'),(52,25,2,'Terms & Conditions',''),(53,25,2,'Cancellation Policy',''),(60,26,2,'Exclusions','<ul>\n	<li>Any additional Transfers</li>\n	<li>Extra Food &amp; Beverages</li>\n	<li>Adventure Activities : River Rafting , Paragliding , Skiing</li>\n	<li>Personal Expenses : Laundry, Internet Usages, Phones calls</li>\n	<li>Additional expense arised from unforeseen crises.</li>\n	<li>Anything which is not mentioned in &ldquo;Inclusion&rdquo; Section</li>\n</ul>\n'),(61,26,2,'Terms & Conditions',''),(62,26,2,'Cancellation Policy',''),(63,28,3,'Exclusions','<ul>\n	<li>Overnight Accommodation</li>\n	<li>Transfers</li>\n	<li>Any other things dosen&#39;t mentioned in Inclusions</li>\n</ul>\n'),(64,28,3,'Terms & Conditions',''),(65,28,3,'Cancellation Policy','');
/*!40000 ALTER TABLE `tbl_pkg_category_info` ENABLE KEYS */;
UNLOCK TABLES;

--
-- Table structure for table `tbl_pkg_category_itenary`
--

DROP TABLE IF EXISTS `tbl_pkg_category_itenary`;
/*!40101 SET @saved_cs_client     = @@character_set_client */;
/*!40101 SET character_set_client = utf8 */;
CREATE TABLE `tbl_pkg_category_itenary` (
  `id` int(11) NOT NULL AUTO_INCREMENT,
  `pkg_id` int(11) NOT NULL,
  `pkg_cat_id` int(11) NOT NULL,
  `title` varchar(2000) DEFAULT NULL,
  `descr` text DEFAULT NULL,
  PRIMARY KEY (`id`)
) ENGINE=InnoDB AUTO_INCREMENT=407 DEFAULT CHARSET=latin1;
/*!40101 SET character_set_client = @saved_cs_client */;

--
-- Dumping data for table `tbl_pkg_category_itenary`
--

LOCK TABLES `tbl_pkg_category_itenary` WRITE;
/*!40000 ALTER TABLE `tbl_pkg_category_itenary` DISABLE KEYS */;
INSERT INTO `tbl_pkg_category_itenary` VALUES (1,1,1,'dfg dfgdfg','<p>df gdfg</p>\n'),(2,1,1,'dfg','<p>dfgdfgdfg</p>\n'),(4,3,3,'Day1','<p>test</p>\n'),(5,3,3,'Day2','<p>test</p>\n'),(6,4,2,'mn   n n ','<p>,m mn n&nbsp;&nbsp;</p>\n'),(7,5,4,'Manali experience','<p>dvsdvfbrbrsv</p>\n'),(8,2,3,'dfgdfgdf','<p>gdfgdfgdfgdfg</p>\n'),(30,8,2,'Day 1','<p>Pick up from Cochinand transfer to Munnar.Check Inn at Campsite or British tea Bungalows , follows a soft trek , bornfire , dinner and Overnight stay&nbsp;</p>\n'),(31,8,2,'Day2','<p>After breakfast full day trekk with packed lunch.</p>\n'),(32,8,2,'Day 3','<p>After BF Transfer to tekkady and check Inn to a spice plantation guest house&nbsp;</p>\n'),(51,9,3,'Day 1','<p>Arrive at Baison Valley and&nbsp;report at the pick up point.From there you will be transferred to the campsite in an off road jeep through &nbsp;spice&nbsp;plantations.Reaching campsite ,&nbsp;settledown and take a walk through the plantations near camp premises and enjoy the breath taking view of Chokramudi peak.Enjoy your BBQ and delecious dinner around a bonfire on the aura of soft musical&nbsp;night and plunge&nbsp;into the dreams,&nbsp;beneath&nbsp;the glazing sky.</p>\n'),(52,9,3,'Day 2 ','<p>After breakfast , backpack and proceed to conqure the heights of Chokramudi - The standalone peak in Munnar ,and after that move on to a private waterfalls and take a bath and return home with the fulfillment of acheiving the rare.</p>\n'),(159,15,1,'Day 1','<p>You will be greeted and picked up from Airport by our representative and will proceed for the transfer to Munnar. Experience the western Ghats enroute and stop for photostop at Vallara and Cheeyapara waterfalls. You will be taken directly to the ancient British mansion bungalow. The stay is situated in midst of tea plantations. Explore the vicinity and experience the way those royals lived. Overnight stay.</p>\n'),(160,15,1,'Day 2','<p>Wake up to a beautiful day to an inspiring sunrise. Go for a plantation walk and trek to the nearby tea factory. Later checkout and proceed for camp. Check-in to camp. Light trek. Enjoy the evening by the bonfire tasting the yummy barbecue. Overnight stay at the camp.</p>\n'),(161,15,1,'Day 3','<p>Explore the beautiful Sunrise of Kolukumalai in an energetic sunrise trek. Return back to have breakfast and later checkout. Now we will be transferred to Thekkady. Enjoy with elephants at elephant Camp. Checkin to the plantation cottage/homestay. Live in midst of the spicy aroma of those spice plantations of Thekkady. Stay overnight there.</p>\n'),(162,15,1,'Day 4','<p>After breakfast, start the transfer to Alleppey. On arrival, we will be cheched in to the ever famous floating homes &ndash; the houseboat. Enjoy the delicious Kerala meals being served there. Experience the life over waters this night and stay overnight there.</p>\n'),(163,15,1,'Day 5','<p>Have a delicious breakfast and checkout from the houseboat.Transfer to Kochi. Take a stroll through the historical streets of Fort Kochi and visit the Jew Synagogue there which is a reminiscence of the past. Check-in to a homestay and feel the warmth of hospitality of the hosts there.</p>\n'),(164,15,1,'Day 6','<p>After breakfast, checkout and proceed your journey back home for the drop at airport.</p>\n'),(172,17,3,'Day 1','<ul>\n	<li>Check into cottage</li>\n	<li>BBQ &amp; Campfire facility</li>\n</ul>\n'),(173,17,3,'Day 2','<ul>\n	<li>Off road drive</li>\n	<li>Erichipapara falls</li>\n	<li>Apple farm</li>\n</ul>\n'),(174,18,3,'Day 1','<ul>\n	<li>Check Into farm cottage</li>\n	<li>Campfire and BBQ facility available</li>\n	<li>Self Cooking Kitchen Available&nbsp;</li>\n	<li>Overnight stay</li>\n</ul>\n'),(175,18,3,'Day 2','<ul>\n	<li>Proceed to Off road drive</li>\n	<li>Pampar River bath</li>\n	<li>Marayoor sandal woods visit</li>\n</ul>\n'),(176,19,3,'Day 1','<ul>\n	<li>Check into cottage</li>\n	<li>Overnight Stay</li>\n	<li>Bonfire and BBQ facility available at extra cost</li>\n</ul>\n'),(177,19,3,'Day 2','<ul>\n	<li>Check out from cottage</li>\n	<li>Proceed to off road drive</li>\n	<li>Visit Muniyara</li>\n	<li>Visit Sandalwoods etc</li>\n</ul>\n'),(178,20,3,'Day 1','<ul>\n	<li>Check into cottage</li>\n	<li>Followed by Dinner&nbsp;</li>\n	<li>Night Jeep safari</li>\n	<li>Overnight stay</li>\n</ul>\n'),(179,20,3,'Day 2','<ul>\n	<li>Have Breakfast</li>\n	<li>Check out</li>\n</ul>\n'),(220,10,4,'Day1','<p dir=\"ltr\" style=\"text-align:justify\">Arrival &amp; Hyderabad Sightseeing</p>\n\n<p dir=\"ltr\" style=\"text-align:justify\"><span style=\"color:rgb(0, 0, 0); font-family:arial; font-size:10pt\">Pickup from Railway Station / Bus Station and proceed to Hotel. After freshup, proceed below to Hyderabad Sightseeing Places including: &nbsp;</span></p>\n\n<p dir=\"ltr\" style=\"text-align:justify\">Birla Mandir<span style=\"background-color:transparent; color:rgb(0, 0, 0); font-family:arial; font-size:10pt\"> - </span><span style=\"color:rgb(0, 0, 0); font-family:arial; font-size:10pt\">2000 tonnes of </span><span style=\"background-color:transparent; color:rgb(0, 0, 0); font-family:arial; font-size:10pt\">white marble from Rajasthan mixed with 10 years of </span><span style=\"color:rgb(0, 0, 0); font-family:arial; font-size:10pt\">dedicated work of sculptures &ndash; created this captivating Temple, standing on a 280 feet high hill. &nbsp;</span>Birla Planetarium<span style=\"background-color:transparent; color:rgb(0, 0, 0); font-family:arial; font-size:10pt\"> - Developed with </span><span style=\"color:rgb(0, 0, 0); font-family:arial; font-size:10pt\">technological assistance from Japa</span><span style=\"background-color:transparent; color:rgb(0, 0, 0); font-family:arial; font-size:10pt\">n with cosmic presentation of international standards. Most attractive feature is the Sky Show.</span></p>\n\n<p>Birla Science Museum<span style=\"background-color:transparent; color:rgb(0, 0, 0); font-family:arial; font-size:10pt\"> - showcases many sections, each dedicated to a specific field - </span><span style=\"color:rgb(0, 0, 0); font-family:arial; font-size:10pt\">Interactive Science Section, NRSA</span><span style=\"background-color:transparent; color:rgb(0, 0, 0); font-family:arial; font-size:10pt\">, Dinosaurium, etc.</span></p>\n\n<p>Snow World<span style=\"color:rgb(0, 0, 0); font-family:arial; font-size:10pt\"> - India&rsquo;s first and World&rsquo;s best snow theme park helps to experience snow fall and polar climate as if it is a polar region, then proceed to:</span></p>\n\n<p>Lumbini Park<span style=\"background-color:transparent; color:rgb(0, 0, 0); font-family:arial; font-size:10pt\"> - Lush greenery, entertaining rides, calm environment all at one place. </span><span style=\"color:rgb(0, 0, 0); font-family:arial; font-size:10pt\">Must watch - Laser Show and Musical fountain show in the evenings. Boating at Hussain Sagar lake not to be missed.</span></p>\n\n<p>NTR Gardens <span style=\"background-color:transparent; color:rgb(0, 0, 0); font-family:arial; font-size:10pt\">- Ride on a toy train, </span><span style=\"color:rgb(0, 0, 0); font-family:arial; font-size:10pt\">Japanese garden, Desert Garden</span><span style=\"background-color:transparent; color:rgb(0, 0, 0); font-family:arial; font-size:10pt\">, Roaring Cascade, Giant Wheel, boating, car cafes, machan Restaurant- just a few attractions of NTR Gardens.</span></p>\n\n<p>Overnight stay at Hyderabad Hotel</p>\n'),(221,10,4,'Day 2','<p dir=\"ltr\" style=\"text-align:justify\">Full Day Ramoji Film City</p>\n\n<p dir=\"ltr\" style=\"text-align:justify\"><span style=\"color:rgb(0, 0, 0); font-family:arial; font-size:10pt\">After Breakfast, proceed to visit primary tourist place of Hyderabad,</span><a href=\"http://www.hyderabadtourism.travel/ramoji-film-city-hyderabad\" style=\"color: rgb(17, 85, 204); text-decoration-line: none;\" target=\"_blank\"><span style=\"color:rgb(0, 0, 0); font-family:arial; font-size:10pt\"> </span></a><span style=\"color:rgb(0, 0, 0); font-family:arial; font-size:10pt\">Ramoji Film City. Full day would be nearly sufficient at Ramoji Film City.</span></p>\n\n<p dir=\"ltr\" style=\"text-align:justify\">Ramoji Film City -<span style=\"background-color:transparent; color:rgb(0, 0, 0); font-family:arial; font-size:10pt\"> </span><span style=\"color:rgb(0, 0, 0); font-family:arial; font-size:10pt\">One of the largest and glamorous film studios in the world, Ramoji Film City has also secured a place in the Guinness Book of World Records. Captivating architecture of the studios accompanied with a range of modern settings makes it a favourite place of film-makers; while a wide array of entertainment choices makes it a popular choice of tourists.</span></p>\n\n<p><em>Overnight stay at Hyderabad Hotel.</em></p>\n'),(222,10,4,'Day 3','<p dir=\"ltr\" style=\"text-align:justify\"><span style=\"color:rgb(0, 0, 0); font-family:arial; font-size:10pt\">Morning after Breakfast proceed to:</span></p>\n\n<p><br />\nSalar Jung Museum<span style=\"background-color:transparent; color:rgb(0, 0, 0); font-family:arial; font-size:10pt\"> - </span><span style=\"color:rgb(0, 0, 0); font-family:arial; font-size:10pt\">3rd largest museum in Indi</span><span style=\"background-color:transparent; color:rgb(0, 0, 0); font-family:arial; font-size:10pt\">a with 43000 art objects (Indian Art, Far Eastern Art, European Art, Middle Eastern Art, etc.), 9000 manuscripts and 47000 printed books, spread in 38 galleries. Not to be missed- Veiled marble statue of Rebecca, 19th C British Musical Clock, etc. </span></p>\n\n<p>Chowmahalla Palace<span style=\"background-color:transparent; color:rgb(0, 0, 0); font-family:arial; font-size:10pt\"> - </span><span style=\"color:rgb(0, 0, 0); font-family:arial; font-size:10pt\">Built in the 18th century during the rule of fifth Nizam, Afzal-ud-Daula, Asaf Jah V</span><span style=\"background-color:transparent; color:rgb(0, 0, 0); font-family:arial; font-size:10pt\">, said to resemble Shah Palace of Tehran in Iran in its architectural beauty.</span></p>\n\n<p>Charminar <span style=\"background-color:transparent; color:rgb(0, 0, 0); font-family:arial; font-size:10pt\">- </span><span style=\"color:rgb(0, 0, 0); font-family:arial; font-size:10pt\">Built in 1591 by Sultan Mohammed Quli Qutb Shah</span><span style=\"background-color:transparent; color:rgb(0, 0, 0); font-family:arial; font-size:10pt\"> in the honour of his wife Bhagmati. Also known as known as &lsquo;Arc de Triomphe of the East&rsquo;</span></p>\n\n<p>Mecca Masjid<span style=\"background-color:transparent; color:rgb(0, 0, 0); font-family:arial; font-size:10pt\"> &ndash; constructed by S</span><span style=\"color:rgb(0, 0, 0); font-family:arial; font-size:10pt\">ultan Muhammad Quli Qutub Shah in 1614</span><span style=\"background-color:transparent; color:rgb(0, 0, 0); font-family:arial; font-size:10pt\">; one of the largest mosques in the world. To see- Belgian crystal chandeliers, intricately designed arches, tombs to asif shah dynasty.</span></p>\n\n<p><br />\n<em>Overnight stay at Hyderabad Hotel.</em></p>\n'),(223,10,4,'Day 4','<p dir=\"ltr\" style=\"text-align:justify\">Check-out, Optional Hyderabad Sightseeing &amp; Departure</p>\n\n<p dir=\"ltr\" style=\"text-align:justify\"><span style=\"color:rgb(0, 0, 0); font-family:arial; font-size:10pt\">Morning after Breakfast, check-out from the hotel. Depending on your departure time, if time permits, we can recommend few more tourism places.</span></p>\n\n<p><br />\nJagannath Temple - <span style=\"color:rgb(0, 0, 0); font-family:arial; font-size:10pt\">Hyderabad&rsquo;s replica of the original Puri Jagannath Temple</span><span style=\"background-color:transparent; color:rgb(0, 0, 0); font-family:arial; font-size:10pt\"> of Orissa. Built with 600 ton of sandstone brought from Orissa and by about 60 artisans.</span></p>\n\n<p>Golconda Fort<span style=\"color:rgb(0, 0, 0); font-family:arial; font-size:10pt\"> </span>-<span style=\"color:rgb(0, 0, 0); font-family:arial; font-size:10pt\"> First built by Kakatiya dynasty later developed by Qutub Shahi Kings</span><span style=\"background-color:transparent; color:rgb(0, 0, 0); font-family:arial; font-size:10pt\">. Attractions- sound and light show in night; Water supply system, &#39;Rahban&#39; cannon, Ramdas&rsquo; prison. </span><span style=\"color:rgb(0, 0, 0); font-family:arial; font-size:10pt\">(You can also view our team created video on Golconda Fort here). It would take at least half day here..</span></p>\n\n<p>Qutub Shahi Tombs - <span style=\"color:rgb(0, 0, 0); font-family:arial; font-size:10pt\">One of the oldest monuments of Hyderabad; tombs of seven Qutub Shahi rulers</span><span style=\"background-color:transparent; color:rgb(0, 0, 0); font-family:arial; font-size:10pt\"> presenting a beautiful blend of Persian and Indian architectural styles.</span></p>\n\n<p><br />\n<span style=\"color:rgb(0, 0, 0); font-family:arial; font-size:10pt\">Drop at Hyderabad Airport / Railway Station / Bus Stand for your return journey. </span></p>\n\n<div>&nbsp;</div>\n'),(275,11,2,'test1','<p>ARRIVE &ndash; SRINAGAR</p>\n\n<p>In time transfer to airport to connect the flight for Srinagar.Meeting and assistance on arrival and transfer to Hotel. Afternoon 01 Hour Boat Ride on Dal Lake by a gondola Boat called &ldquo;SHIKARA&rdquo; witness the ride on lake, called Venice of India &amp; experience the aquatic life of Srinagar. Also see the scenic extravaganza of the Kashmir and enjoy the profusion of colors in the Paradise on Earth. While returning visit to the local crafts market and see the fine carved hand-made articles from Paper Machie&amp; wood of a walnut. Overnight at the Deluxe Houseboat.</p>\n'),(276,11,2,'test2','<p>SRINAGAR &ndash; SONAMARG &ndash; SRINAGAR (86 KM, 3-4 Hrs Drive one way)</p>\n\n<p>After breakfast leave with full day excursion for Sonamarg. Situated at an altitude of 9000 Ft. Sonamarg &ndash; 84 Kms is also called as &ldquo;The meadow of gold&rdquo; has, as its backdrop, snowy mountains against a cerulean sky. The Sindh River that meanders through the valley abounds with trout and mahaseer. Ponies can be hired for the trip up to Thajiwas glacier, which is a major local attraction during the summer. Return for Dinner &amp; overnight stay HB / Hotel.</p>\n'),(277,11,2,'day3','<p>SRINAGAR &ndash; PAHALGAM (98 KM, 3-4 Hrs Drive one way)</p>\n\n<p>Transfers from Srinagar to Pahalgam called as &ldquo;Valley of Shepherds. On arrival check in at Hotel. In Pahalgam, Enjoy the nature &amp; walk around the banks of River Lidder. Pahalgam is famous for some trekking routes also &amp; is the base camp for Amarnath Pilgrimage. Overnight stay at Hotel.</p>\n\n<p>&nbsp;</p>\n'),(278,11,2,'day4','<p>PAHALGAM &ndash; SRINAGAR + LOCAL SIGHTSEEING</p>\n\n<p>Transfers from Pahalgam to Srinagar.Enroute visiting the Awantipura Ruins of 9th Century &amp;Mattan Temple Complex. In Afternoon, visit Mogul Gardens &ldquo;Nishat&rdquo; (The Garden of Pleasure) and &ldquo;Shalimar&rdquo; (Abode of All). Drive along the Lake side on Boulevard On return visit a local Handicrafts Emporium for hand-knotted specialty silken carpets, shawls, jewellery ornaments. Also visit Shankaracharya Temple. Overnight at the Hotel</p>\n'),(279,11,2,'day5','<p>SRINAGAR &ndash; GULMARG &ndash; SRINAGAR (58 KM, 1-2 Hrs Drive one way)</p>\n\n<p>Full Day return excursion to Gulmarg, called as &ldquo;Meadow of Flowers&rdquo; Gulmarg is 53 Kms from Srinagar at an altitude of 8700-ft. Gulmarg also referred as Meadow of Flowers is a famous Ski Resort &amp; the world&rsquo;s highest 18 hole Golf Course. The place was prominent during the British time. Enjoy the scenic view of Kongdori on a Cable Car Ride &ndash; OPTIONAL (Gondola) Return to Srinagar for a Dinner &amp; Overnight at the Hotel.</p>\n'),(280,11,2,'day6','<p><span style=\"font-family:century gothic,sans-serif; font-size:16px\">In time transfer to airport to connect the flight for onwards destination.</span></p>\n'),(287,23,4,'Day 01: NJP Rly Station / IXB Airport – Darjeeling (98 kms / 3 hrs)','<p>Meet &amp; Greet on arrival at NJP Railway Station / IXB Airport &amp; transfer to Darjeeling (6,710 ft.).On arrival check-in to hotel &amp; rest of the day at leisure.Overnight stay at Darjeeling.</p>\n'),(288,23,4,'Day 02: Darjeeling Sightseeing','<p>Early Morning (at 04:00 am) drive to Tiger hill to watch the spectacular sunrise over Mt. Khangchendzongha (28,208 ft. Worlds 3rd highest peak), on your way back visit Ghoom Monastery and Batasia Loop. After breakfast visit Himalayan Mountaineering Institute, P.N. Zoological Park (Thursday closed), Tenzing Rock, Tibetan Refugee self-help Centre (Sunday closed), Tea Garden (outer view) and Japanese Temple (4 hrs from 9.00 to 13.00 hrs). Evening free for shopping &amp; leisure.Overnight stay at Darjeeling.</p>\n'),(289,23,4,' Day 3: Darjeeling – Kalimpong (57 kms / 2 hrs) Sightseeing','<p>After Breakfast transfer to Kalimpong (4,100 ft.). On arrival check-in to your hotel. Afternoon enjoy half day tour of Kalimpong Visit MangalDham, Deolo Hill, Dr. Graham&rsquo;s Home, Golf Garden, Durpin Dara Hills &amp; Flowers Nurseries. Overnight stay at Kalimpong.</p>\n'),(290,23,4,'Day 4: Kalimpong – Gangtok (77 kms / 3 hrs) Local Sightseeing','<p>After breakfast transfer to Gangtok (5,480 ft.). On arrival check-in to your hotel. Afternoon proceed for a half day city tour visiting Banzakhri Falls, Cottage Industry and Handicraft Centre, Flower show, Dro-dulChorten&amp; Institute of Tibetology (maximum 3-4 hours). Overnight stay at Gangtok.</p>\n'),(291,23,4,'Day 5: Excursion to Tsomgo Lake & Baba Mandir','<p>After breakfast start for an excursion to Tsomgo Lake (12,400 ft.) &amp; Baba Mandir (13,200 ft.) which is 55 kms from Gangtok city. Overnight stay at Gangtok. (In case of Land slide or any other reason Tsomgo Lake is closed we will provided alternate sightseeing.)</p>\n'),(292,23,4,'Day 6: Gangtok – NJP Rly Station / IXB Airport (125 kms / 4 hrs)','<p>After breakfast check out from hotel in time and take the departure transfer to NJP Railway Station / IXB Airport for your onward journey.</p>\n'),(299,21,4,'Day 1 : DELHI – SHIMLA ( 370 KM / 8 HRS )','<p><span style=\"color:#222222; font-family:century gothic,sans-serif; font-size:11.0pt\">Pick up from Delhi airport/railway station &amp; drive to Shimla travel by surface, Enjoy the Scenic Himalayas from the window of your cab when you enter Himachal Pradesh . On the ways, stopover at Pinjore Garden and&nbsp;rope way&nbsp;at Timber Trail Resort if time permits. Cab will pass through Panipat, Kurukshetra, Ambala, Kalka, Parwanoo, Barog and Solan on the way to Shimla. Check in and overnight stay in Hotel.</span></p>\n\n<p><span style=\"color:#222222; font-family:century gothic,sans-serif; font-size:11.0pt\">Overnight stay at Hotel and dinner in Shimla.</span></p>\n'),(300,21,4,'Day 2 : SHIMLA - KUFRI - LOCAL SIGHTSEEING - SHIMLA (25KMS)','<p>After breakfast ,proceed towards Green Valley , Kufri , Chini Bunglow , Jakhoo Peak &nbsp;site seen and after wards visit Local site seen including The Mall Road, Ridge, Kali Bari Devi Temple, Sankat&nbsp; Mochan Temple, Christ church , Overnight stay at the hotel in Shimla.</p>\n'),(301,21,4,'Day 3 : SHIMLA –KULLU- MANALI (270 KM/8HRS )','<p>After breakfast , check out from the hotel and proceed to Manali (8 hrs.) On the way take a Look at Sunder Nagar Lake , Pandoh Dam,Kullu Valley , Rafting Point , Vaishno Devi Temple. Arrival in&nbsp; Manali , Check into Hotel , overnight stay at the Manali.</p>\n'),(302,21,4,'Day 4 : ROHTANG PASS ','<p>Early Morning move to Rohtang Pass around 06:00 Am , The Zig Zag Journey amidst lush green meadows will enthrall us until we get the snow clad surface of Rohtang Mountain (Snow Line ). After noon you will get back to Solang valley where we can enjoy the enormous activities like Paragliding , Zorbing etc , back Manali ,overnight stay at Manali.</p>\n\n<p>(Up to Snow Line in case Rohtang is closed due to snow fall)&hellip;&nbsp;</p>\n'),(303,21,4,'Day 5 : MANALI  HALF  DAY  CITY  TOUR ','<p>After breakfast , proceed to&nbsp; half day city tour visiting Hadimba Devi Temple ,Van Vihar ,Club House, Vashisht Temple,&nbsp; Tibetan- Monastery, After then ,Mall road ,overnight stay at Manali</p>\n'),(304,21,4,'Day 6 : MANALI-DELHI (575 kms / 12 hrs )','<p>After breakfast, check out from the hotel and drive to Delhi. Arrive Delhi and dropping at Railway Station/Airport</p>\n'),(325,22,4,'Day 1 ARRIVE – SRINAGAR','<p><span style=\"font-family:century gothic,sans-serif; font-size:16px\">In time transfer to airport to connect the flight for Srinagar.Meeting and assistance on arrival and transfer to Hotel. Afternoon 01 Hour Boat Ride on Dal Lake by a gondola Boat called &ldquo;SHIKARA&rdquo; witness the ride on lake, called Venice of India &amp; experience the aquatic life of Srinagar. Also see the scenic extravaganza of the Kashmir and enjoy the profusion of colors in the Paradise on Earth. While returning visit to the local crafts market and see the fine carved hand-made articles from Paper Machie&amp; wood of a walnut. Overnight at the Deluxe Houseboat.</span></p>\n'),(326,22,4,'Day 2  SRINAGAR – SONAMARG – SRINAGAR (86 KM, 3-4 Hrs Drive one way)','<p>After breakfast leave with full day excursion for Sonamarg. Situated at an altitude of 9000 Ft. Sonamarg &ndash; 84 Kms is also called as &ldquo;The meadow of gold&rdquo; has, as its backdrop, snowy mountains against a cerulean sky. The Sindh River that meanders through the valley abounds with trout and mahaseer. Ponies can be hired for the trip up to Thajiwas glacier, which is a major local attraction during the summer. Return for Dinner &amp; overnight stay HB / Hotel.</p>\n'),(327,22,4,'Day 3  SRINAGAR – PAHALGAM (98 KM, 3-4 Hrs Drive one way)','<p>Transfers from Srinagar to Pahalgam called as &ldquo;Valley of Shepherds. On arrival check in at Hotel. In Pahalgam, Enjoy the nature &amp; walk around the banks of River Lidder. Pahalgam is famous for some trekking routes also &amp; is the base camp for Amarnath Pilgrimage. Overnight stay at Hotel.</p>\n'),(328,22,4,' Day 4  PAHALGAM – SRINAGAR + LOCAL SIGHTSEEING','<p>Transfers from Pahalgam to Srinagar.Enroute visiting the Awantipura Ruins of 9th Century &amp;Mattan Temple Complex. In Afternoon, visit Mogul Gardens &ldquo;Nishat&rdquo; (The Garden of Pleasure) and &ldquo;Shalimar&rdquo; (Abode of All). Drive along the Lake side on Boulevard On return visit a local Handicrafts Emporium for hand-knotted specialty silken carpets, shawls, jewellery ornaments. Also visit Shankaracharya Temple. Overnight at the Hotel</p>\n'),(329,22,4,'Day 5  SRINAGAR – GULMARG – SRINAGAR (58 KM, 1-2 Hrs Drive one way)','<p>Full Day return excursion to Gulmarg, called as &ldquo;Meadow of Flowers&rdquo; Gulmarg is 53 Kms from Srinagar at an altitude of 8700-ft. Gulmarg also referred as Meadow of Flowers is a famous Ski Resort &amp; the world&rsquo;s highest 18 hole Golf Course. The place was prominent during the British time. Enjoy the scenic view of Kongdori on a Cable Car Ride &ndash; OPTIONAL (Gondola) Return to Srinagar for a Dinner &amp; Overnight at the Hotel.</p>\n'),(330,22,4,'Day 6','<p>In time transfer to airport to connect the flight for onwards destination with sweet memmories.&nbsp;</p>\n'),(331,24,2,'DAY 1 : UDAIPUR / JODHPUR TO SANSARI','<p>Today we will&nbsp; arrive at Udaipur / jodhpur airport and the after arrival drive to sansari rustic adventure camp. On arrival at camp check in to the camp.After leisure at time.Evening free for village jeep safari.Dinner&nbsp; and enjoy with culture program.Overnight stay at camp.</p>\n'),(332,24,2,'DAY 2 : SANSARI trek [ Mata magri – Vasor Village – Mayli Mata Valley – Japaliya Dam – Rustic adventure camp ]','<p>Today after morning breakfast we start our trek from camp pass through&nbsp; an incredible&nbsp; villages and hills, ponds, rivers. Packed lunch at maylimata valley, after lunch take some rest then proceed for trek .Evening back to camp.Dinner and overnight stay at camp</p>\n'),(333,24,2,'DAY 3 : SANSARI TO SUMER [ UmanaBera – UparlaGuda – KotSolankiyan – Khimaj Mata Valley – Sumer ] ','<p>Today after morning breakfast&nbsp; check out from camp and we start our trek from camp pass through&nbsp; an aravali hills, Packed lunch at khimajmata, after lunch take some rest then proceed for trek . on arrival at sumer check in to the old&nbsp; jungle loudge ( Bagho-ka-bagh). Dinner and overnight stay at sumer.&nbsp;</p>\n'),(334,24,2,'Day 4 : SUMER TO KUMBHALGARH [ Kumbhalgarh Century ]','<p>Today after morning breakfast&nbsp; check out from bagho-ka-bagh and&nbsp; trek to kumbhalgarh on trek spotting some&nbsp; interesting species birds and trees,&nbsp; completing trek after visit kumbhalgarh fort. Overnight at kumbhalgarh.</p>\n'),(335,24,2,'Day 5 : KUMBHALGARH TO RANAKPUR [ Tour End ]','<p>Today after breakfast check out from hotel and drive to Thandi very. Thandi very is starting point of a trek to Ranakpurmuchalamahavirjaintemple .reach at last ending point the drive to Udaipur enroute visit world famous jain temple. This temple is most importance to the Jain community across&nbsp; the country. After visit drive for Udaipur airport for your onward journey.</p>\n'),(345,25,2,'DAY 1 : Srinagar – Sonmarg (Alt 7800 ft)','<p>Drive from Srinagar and arrive in Sonmarg which is 3 hours&rsquo; drive. Sonmarg is a beautiful meadow land with greenery and nature bliss. Night halt in camps.</p>\n'),(346,25,2,' DAY 2 : Sonamarg to Nichnai via Shekdur (Alt 7,800 ft to 11,500 ft)','<p>Trekking starts this day and approx 6-8 hours trek to Nichnai via Shekdur. The trail takes you through meadows, dense forests with Maple, Pine and Bhoj trees. The trek from Shitkadi to Shekdur is goes through thick forests of pine trees and will take approx 2 and half hours. The trek follow the Nichnai Stream as we trek from Shekdur to Nichnai. Overnight at tents at our camps.</p>\n'),(347,25,2,'DAY 3 : Nichnai to Vishansar lake via Nachnai Pass (Alt: 11,500 ft to 12,000 ft via 13100 ft)','<p>A 12 kms trek that takes approx 8 hours We can visit the Vishansar Lake which is just 15 minutes&rsquo; walk from the campsite The first lake of the trek and one of the most beautiful ones. Vishansar is visited by hoards of sheep and their shepherds are known for interesting stories.</p>\n'),(348,25,2,'DAY 4 : Rest Day.','<p>Rest day or say acclimatization day for rest of the trekking. Visit Kishansar Lake, which is at approx 1 and half kms from our camp site.</p>\n'),(349,25,2,'DAY 5 : Vishansarlake to Gadsar via Gadsar Pass (Alt 12,000 ft)','<p>Start the trek little earlier in the morning. The trail passes from Vishansar to Gadsar, via Gadsar pass the highest point of the trek. We can see the Kishansar Lake on the way. After the Gadsar Lake, we will reach the campsite in 2 hours. Check our ID&rsquo;s in an army check point. Night halt in tents.</p>\n'),(350,25,2,'DAY 6 : Gadsar to Satsar (Alt 12,000 ft)','<p>On this day trek we see two small lakes which are often mistaken as Satsar Lakes. We will visit the Satsar twin lakes, in the afternoon. These twin lakes are between the middle of the mountain.</p>\n'),(351,25,2,'DAY 7 : Satsar to Gangabal twin lakes via Zaj Pass (Alt 13000 ft)','<p>Walk on rocky paths for approx an hour and ascend till Jazz Pass. At the pass, you can enjoy views of the 4 lakes, Mt. Harmukh and its glacier. We visit the Gangbal Lake, which is one of the largest lakes in the trek.</p>\n'),(352,25,2,'DAY 8 : Gangabal to Naranag Drive to Srinagar','<p>Descent trek to Naranag which will pass through pine tree forest. Drive back to Srinagar and after reaching Srinagar night halt at our houseboat.</p>\n'),(353,25,2,'DAY 9 : Departure day.','<p>Our representative shall assist you to the airport. If there are few hours to spare (depending upon the time of the flight), we can organize a sightseeing trip in Srinagar</p>\n'),(354,26,2,'Day 1 : Chandigarh-Sangla','<p>We will pick you from Chandigarh Airport / Railway Station and start drive to Sangla. Check in to the Hotel. dinner and overnight stay in Sangla.</p>\n'),(355,26,2,'Day 2 : Sangla-Chitkul -Kalpa','<p>Travel by surface from Sangla to KalpaEnroute visiting Chitkul village. The Picturesque town of Sangla located on the Banks of the famous Baspa River provides an Ideal location for Adventure Activities as well. Kalpa village is located in backdrop of Kenner Kailash mountain range. Dinner and overnight stay.</p>\n'),(356,26,2,'Day 3 : Kalpa- Nako- Tabo','<p>Travel by surface from Kalpa to Nako which is located by the banks of lake. Visit the monastery and walk around Village. Later continue drive Enroute viewing confluence of Satluj&amp;Spiti Rivers at Khab.. On arrival in Tabo, check in at hotel. Evening visit Tabo Monastery which was founded in 996 AD by the great teacher Richensang-po, Tabo is renowned for its breathtaking murals and stucco images &ndash; and is often called &ldquo;The Ajanta of the Himalayas. Overnight at Hotel/ Home Stay.</p>\n'),(357,26,2,'Day 4 : Tabo- Dhankar - Kaza','<p>Travel by surface from Tabo to KazaEnroute visiting, Dhankar Monastery &amp;Lalung. Reach Kaza in the evening On arrival check in at guest house Overnight at Hotel / Home stay.</p>\n'),(358,26,2,'Day 5 : Local Sight Seeing Tour in Kaza','<p>Morning visit the famous Ki monastery, 12 kms from Kaza. This century &ndash; old Gompa is a labyrinth of rooms and corridors &ndash; and at one time also acted as a fort. Also visit the small gompa at Kibber, Hikkim ,Komik And Langza 9 kms further ahead. Dinner Over Night stay at Hotel/Home Stay</p>\n'),(359,26,2,'Day 6 : Kaza-Losar -Kunzum Pas - Chandertal Lake','<p>After breakfast drive to Chandertal Lake. You will cross Kunzum La Pass and reach Chandertal in the evening Dinner and over night stay in Kaza hotel</p>\n'),(360,26,2,'Day 7 : Chandertal -Rohtang- Manali','<p>After breakfast Check out and Drive to Manali..On Arrival&nbsp;Check In . Dinner and Overnight stay in hotel by own.</p>\n'),(361,26,2,'Day 8 : Manali – Chandigarh','<p>Today morning after breakfast Check out from the hotel and drive to Chandigarh. Our cab will drop you at desired point .</p>\n'),(362,26,2,'Day 9 : Chandigarh','<p>Today morning after breakfast Check out from hotel and make your arrangement to move further.</p>\n'),(363,7,4,'Day 1 - Delhi to Manali  Evening Volvo','<p>Once you have reached Delhi by your personal mode of transportation, head to Firoz Shah Kotla Stadium, Gate No. 3. At&nbsp;5 PM, you will depart for Manali in a Volvo. The distance between Delhi and Manali is 580 kms, making your travel time from Delhi to Manali around 11-12 hours. Manali has been an inspiration for every kind of traveller. A soulful town, it is known for offering something special to everyone. Be it a person looking for solitude or adventure enthusiasts yearning for another thrilling activity, Manali never disappoints. An excellent place for vacation, your overnight journey to Manali is bound to be tranquil and breezy. The landscapes you will encounter on your journey are sure to stay with you long after you have finished your trip to the mountains.</p>\n'),(364,7,4,'Day 2 - Manali reach and local sightseeing','<p>Manali reach early morning. Take some rest and then proceed for local sightseeing. After that come back to hotel, dinner and overnight stay at Hotel.</p>\n\n<ul>\n	<li><strong>Hadimba Devi Temple:-</strong>&nbsp;It chief central of interest in Manali , dedicated to the goddess Hadimba , the Wife of Bheema of Mahabharata Fame, This is wooden temple, In the dense forest of magnificent deodar, is about 2.5 Kms from the Mall. It is a pleasant stroll to the temple which was built in 1553 A.D.</li>\n	<li><strong>Vashisht:-</strong>&nbsp;Hot Sulphur Water springs &ndash; which is widely believed as an effective skin diseases healer and posses various medical properties . Nearby it , is the pyramidal stone temple dedicated to vashisht Muni &amp; lord Rama temple.</li>\n	<li><strong>Tibetan-</strong>Monastery:- This Gadhan Thekchoking Gompa dominates the Tibetan area builtin 1969. The main attraction of the monastery is the handicrafts of Tibetan artistry and the carpets that are woven and sold in the monastery</li>\n	<li><strong>Club House :-</strong>&nbsp;Club house is famous for a amusement activities like skating, Disco Theque, auditorium etc. Later in the evening free to explore the Shopping Malls (Mall Road &amp; IBEX Market) of Manali. Dinner &amp; Overnight at Manali Hotel.</li>\n</ul>\n'),(365,7,4,'Day 3 - Manali-Snow Point ','<p>Early morning after breakfast start for full day sight seeing to snow point / Rohtang Pass) and on the way back from Rohtang Pass / Snow point visit Solang Valley. Solang Valley, is located in between the Beas Kund and Solang village. This serene valley presents stunning views of snow clad mountain peaks and glaciers. Also famed as Snow Point, this valley is popular for skiing, parachuting, hiking, paragliding and zorbing.</p>\n\n<p>(Note: Rohtang Pass visit will depend upon government permission and Weather conditions on Direct payment Basis.)</p>\n'),(366,7,4,'Day 4 :Kullu Full Day trip','<p>After morning breakfast proceed to Visit :&nbsp;</p>\n\n<p style=\"margin-left:36.0pt\">&middot;&nbsp;&nbsp;&nbsp;&nbsp;&nbsp;&nbsp;&nbsp;&nbsp;&nbsp;Kullu Shawl factory</p>\n\n<p style=\"margin-left:36.0pt\">&middot;&nbsp;&nbsp;&nbsp;&nbsp;&nbsp;&nbsp;&nbsp;&nbsp;&nbsp;Kullu water rafting Point</p>\n\n<p style=\"margin-left:36.0pt\">&middot;&nbsp;&nbsp;&nbsp;&nbsp;&nbsp;&nbsp;&nbsp;&nbsp;&nbsp;Vaishno Devi Temple</p>\n\n<p style=\"margin-left:36.0pt\">&middot;&nbsp;&nbsp;&nbsp;&nbsp;&nbsp;&nbsp;&nbsp;&nbsp;&nbsp;Manikaran Spring Water</p>\n\n<p style=\"margin-left:36.0pt\">&middot;&nbsp;&nbsp;&nbsp;&nbsp;&nbsp;&nbsp;&nbsp;&nbsp;&nbsp;Manikaran Gurudwara</p>\n\n<p style=\"margin-left:36.0pt\">&middot;&nbsp;&nbsp;&nbsp;&nbsp;&nbsp;&nbsp;&nbsp;&nbsp;&nbsp;Manikaran Shiv Temple</p>\n\n<p><strong>En route Visit :</strong></p>\n\n<p>Kullu Manali :- at the northern end of the Kullu Valley in Himachal Pradesh, is a hill station situated at a height of 2050 m (6398 ft) in the Himalayas. Situated on the Beas river (Vyaas in Hindi) and near its source, it is a popular tourist spot for Indians in summer and a magical, snow-covered place in winter. A staging point for a number of treks (Beas Kund, Chandrakhani Pass) and sports such as white-water rafting, Manali is also on the road to Ladakh via the valley of Lahaul and Spiti and rohtang pass which is main attraction near manali. Dinner &amp; overnight stay at hotel at Manali.</p>\n\n<p>&nbsp;&nbsp;</p>\n'),(367,7,4,'Day 5 : Manali to Delhi','<p>Today After morning breakfast Check out from the hotel at&nbsp;10:00 am.&nbsp;Enjoy the Mall Road. Evening start journey from Manali to Delhi.</p>\n'),(368,7,4,'Day 6 - Reach Delhi','<p>By noon reachs Delhi and tour Ends With Sweet Memories Remain</p>\n'),(374,6,1,'Day 1 : Airport-Kohima','<p>On arrival at Guwahati/Dimapur, directly transfer to Kisama Heritgae Village (Hornbill venue) and check in to your tents. Evening, visit the festival venue. Evening bonfire and overnight at the camp.&nbsp;</p>\n'),(375,6,1,'Day2 : Kohima (Hornbil venue):','<p><span style=\"font-size:14px\">&nbsp;After breakfast, visit the festival ground which is just around 150 meters from the festival ground. Witnes the naga heritage and cultural shows. Evening you will have the option to explore Kigwema and Jakhama village or go for rock concert at IG stadium or explore the Kohima city.</span></p>\n'),(376,6,1,'Day 3 : Kohima (Khonoma tour):','<p>&nbsp;After breakfast, half day experience the festival venue and second half depart for Khonoma village tour. Our local guide will join you at the village. Late afternoon, return to Kohima and you will have the options to explore Kohima city with night bazaar or you can go to IG stadium for rock shows. Evening bonfire, get briefing for the next day Dzukou trek and overnight at the camp.</p>\n'),(377,6,1,'Day 4 : Kohima (Dzukou Trek)','<p>Early morning at around 6 AM, depart for Viswema village (around 30+ km) to the last motorable point with your packed breakfast and lunch. Start your trek to Dzokou around 03 hours. Explore the valley for around 03 hours and have lunch at the base camp. At around 1Pm, start your return trek to the pickup point. Evening, visit the festival venue or rock show. Bonfire and overnight at the camp.</p>\n'),(378,6,1,'Day 5 : Kohima-Airoport/Railways station drop','<p>&nbsp;After breakfast, check out from the campsite and get transferred to the airport/railway station of Dimapur or Guwahati city. Tour ends.&nbsp;</p>\n'),(379,12,1,'Day 1 : Kochi','<p>Upon arrival, pick up and transfer to hotel in Kochi. Local site seeing if time permits. Spent the rest day there</p>\n'),(380,12,1,'Day 2 : Athirappilly Waterfalls','<p>Once done with the breakfast, we will embark on the full day tour for one of the most visited waterfall of south India, the Athirappilly waterfalls. Enroutespend some time at the Thumboormuzhy check dam and click some photos in its picturesque backdrop. Return back to hotel and overnight stay there.</p>\n'),(381,12,1,'Day 3 : Cherai Beach','<p>&nbsp;After breakfast, we will proceed to explore the Fortkochi in all its detail. Spent some time walking through the Jew street, visit the Synagogue, test your cameras at the fort kochi beach and stare at the Dutch palace. Then we will go for an evening visit of Cherai beach, one of the most prominent beach in Kochi. Witness the inspiring sunset at the Kuzhuppilly beach, an&nbsp;offbeat destination situated nearby. Return to hotel after the well spent day and stay overnight at hotel.</p>\n'),(382,12,1,'Day 4 : Thattekkad Bird Sanctuary Visit & Kayaking','<p>Wake up to a wonderful day and embark onn the full day trip to Thattekad bird sanctuary. See some unique species of birds in there and feel the ambience of real nature. Visit enrouteMalayattoor and Paniyeliporu, two great unexplored places situated nearby. Stay at Kothamangalam.</p>\n'),(383,12,1,'Day 5 : Pooyamkutti Forest','<p>Once breakfast is over, we will embark on a tour of Pooyamkutti forest. Explore the raw Western Ghats and experience the beauty of virgin nature there. Later return to airport for the drop and travel back home with best of the memories.</p>\n'),(384,13,1,'Day 1 : Nature Camp at Thattekkad','<p>Once arrived, transfer to Thattekad. We will be let to experience the magnificence of nature in a camp inside the Thattekad bird sanctuary. Take a walk around the facility and explore the life on the banks. Overnight stay there.</p>\n'),(385,13,1,'Day 2 : Kayaking at Thattekkad','<p>Kayaking and trek at Thattekkad backwaters and&nbsp;camp. O/N stay.</p>\n'),(386,13,1,'Day 3 : Thekkady','<p>Transfer to Thekkady. Half day sightseeing.</p>\n'),(387,13,1,'Day 4 : Bamboo rafting and Cruise boat ride','<p>Full day river rafting in Thekkady.</p>\n'),(388,13,1,'Day 5 : Alleppyy','<p>After breakfast, transfer to Alleppy. On reaching, half day shikhara ride. Stay</p>\n'),(389,13,1,'Day 6 : Kochi','<p>After breakfast, transfer to Kochi. Optional lake cruise. Drop.</p>\n'),(390,14,1,'Day 1','<p>Pickup from airport-transfer to Mankulam. On reaching Mankulam, check in to the tent. You will be greeted with a welcome drink. Enjoy your uphill beside a bonfire gazing the stars.</p>\n'),(391,14,1,'Day 2','<p>Take an early morning trek and come back to have breakfast. Checkout from the camp and proceed for a sightseeing tour of Munnar. Once it&rsquo;s done we will proceed to the next campsite which is on the highest point of Munnar. Reach there after a short trek and get recharged on the welcome drink there. The evening will be spent beside a bonfire tasting the delicious barbeque.</p>\n'),(392,14,1,'Day 3','<p>The day will start with a sunrise trek to the famous trek Kolukumalai. Once done go for a natural bath in the nearby waterfall along with a plantation walk. Later get your hands on the activities like kayaking, ziplining etc. come back and rest by the bonfire and later have dinner.</p>\n'),(393,14,1,'Day 4','<p>So, this morning, explore the unexplored ends of the plantations there and have the tasty breakfasts. Once it&rsquo;s done its time for us to move on to the next camping site in Vagamon. After a 3 to 4 hour drive, we will be reaching our campsite. Here, we will be greeted with some organically prepared drinks. The will be left for exploring the farm and can do some cultivation there. Spend spent the eve realizing the nature. Dinner there.</p>\n'),(394,14,1,'Day 5','<p>Take a stroll through the plantations on the misty morning and come back to have the organic breakfast. Once done with breakfast, spend some time in gardening and cultivation. Later checkout and proceed for an enroute sightseeing tour of Vagamon. Reach airport after a 3 hour journey and return back with the memories of a cherishing experience.</p>\n'),(400,16,4,'Day 1 : Arrival & Transfer to Munnar','<p>On arrival at airport/ railway station, you will be greeted and transferred towards Munnar. Travel through the mystic forests of Western Ghats over a 4 hour long drive and enroute visit Vallara and Cheeyapara waterfalls. On reaching, check-in at hotel/resort. Overnight stay there.</p>\n'),(401,16,4,'Day 2 : Munnar Sightseeing','<p>Wake up to one of the most exciting day and proceed for breakfast. This day will be spent on sightseeing. We will explore the popular tourist destinations nearby. You can have some optional activities to experience in the day. Later return to hotel. Overnight stay there.</p>\n'),(402,16,4,'Day 3 : Thekkady','<p>After breakfast, we will start our journey towards the land of spices &ndash;Thekkady. Feel the real aroma of different spices all through the route. Go for a sightseeing tour of Periyar Wildlife Sanctuary and experience the boating in the manmade lake through the forests(optional). Later return to the hotel and stay overnight.</p>\n'),(403,16,4,'Day 4 : Alappey ','<p>Once the breakfast is done, we will move on to one of the highlight experience of our tour, the houseboat in Alleppey. On reaching Alleppey after a 30 minutes long drive through changing terrains, we will check- in to the awaited houseboat on the renowned backwaters of Alleppey. Will start our ride on it while having a delicious Kerala lunch. Spend the day enjoying the distinct experience floating over the backwaters.</p>\n'),(404,16,4,'Day 5 : Return to Kochi','<p>Wake up to a great morning, checkout after a yummy breakfast and proceed towards Kochi. Explore a little according to the time left and later fly back home with brainful of memories and heartful of love of this God&rsquo;s own country.</p>\n'),(406,28,3,'Day Outing Package','<ul>\n	<li>Check into the camp by 10 Am</li>\n	<li>Welcome Drink on arrival</li>\n	<li>&nbsp;Lunch (with 2 Non Veg dishes)- Buffet</li>\n	<li>&nbsp;Evening Tea &amp; Snacks</li>\n	<li>Guided 01 hour Kayaking at Periyar River</li>\n	<li>01 hour cycling</li>\n	<li>&nbsp;Soft trekking at Dr. Salim Ali Birding trail</li>\n	<li>Usage of Indoor and outdoor activities viz. Cricket, Volley Ball, Badminton, Tug-of-War, Caroms, Chess, Frisbee, Darts, Turnball junior etc.</li>\n</ul>\n');
/*!40000 ALTER TABLE `tbl_pkg_category_itenary` ENABLE KEYS */;
UNLOCK TABLES;

--
-- Table structure for table `tbl_pkg_category_itn_images`
--

DROP TABLE IF EXISTS `tbl_pkg_category_itn_images`;
/*!40101 SET @saved_cs_client     = @@character_set_client */;
/*!40101 SET character_set_client = utf8 */;
CREATE TABLE `tbl_pkg_category_itn_images` (
  `id` int(11) NOT NULL AUTO_INCREMENT,
  `itn_id` int(11) DEFAULT NULL,
  `pkg_id` int(11) NOT NULL,
  `pkg_cat_id` int(11) NOT NULL,
  `image` varchar(2000) NOT NULL,
  `temp_id` int(11) NOT NULL,
  PRIMARY KEY (`id`)
) ENGINE=InnoDB AUTO_INCREMENT=320 DEFAULT CHARSET=latin1;
/*!40101 SET character_set_client = @saved_cs_client */;

--
-- Dumping data for table `tbl_pkg_category_itn_images`
--

LOCK TABLES `tbl_pkg_category_itn_images` WRITE;
/*!40000 ALTER TABLE `tbl_pkg_category_itn_images` DISABLE KEYS */;
INSERT INTO `tbl_pkg_category_itn_images` VALUES (1,8,2,3,'http://holidayhawks.in/uploads/011.jpg',1812536111),(2,8,2,3,'http://holidayhawks.in/uploads/041.jpg',1812536111),(3,8,2,3,'http://holidayhawks.in/uploads/052.jpg',1812536111),(4,8,2,3,'http://holidayhawks.in/uploads/021.jpg',1812536111),(5,8,2,3,'http://holidayhawks.in/uploads/033.jpg',1812536111),(6,8,2,3,'http://holidayhawks.in/uploads/064.jpg',1812536111),(10,30,8,2,'http://holidayhawks.in/uploads/camping1.jpg',952236847),(11,30,8,2,'http://holidayhawks.in/uploads/alappuzha1.jpg',952236847),(22,48,9,3,'http://holidayhawks.in/uploads/WhatsApp Image 2018-09-06 at 94.jpeg',337662976),(23,48,9,3,'http://holidayhawks.in/uploads/WhatsApp Image 2018-09-06 at 95.jpeg',337662976),(24,48,9,3,'http://holidayhawks.in/uploads/WhatsApp Image 2018-09-06 at 9.46.15 PM.jpeg',337662976),(25,48,9,3,'http://holidayhawks.in/uploads/WhatsApp Image 2018-09-26 at 12.jpeg',337662976),(26,51,9,3,'http://holidayhawks.in/uploads/WhatsApp Image 2018-09-15 at 71.jpeg',1894282154),(27,51,9,3,'http://holidayhawks.in/uploads/WhatsApp Image 2018-09-06 at 96.jpeg',1894282154),(28,51,9,3,'http://holidayhawks.in/uploads/WhatsApp Image 2018-09-06 at 97.jpeg',1894282154),(29,51,9,3,'http://holidayhawks.in/uploads/WhatsApp Image 2018-09-15 at 72.jpeg',1894282154),(36,55,10,4,'http://holidayhawks.in/uploads/18-Qutb-Shahi-tombs-heritage1.jpg',19772509),(37,55,10,4,'http://holidayhawks.in/uploads/charminar1.jpg',19772509),(43,220,10,4,'http://holidayhawks.in/uploads/birla-mandir2.jpg',1806941268),(44,220,10,4,'http://holidayhawks.in/uploads/sound-light-show-slider1.jpg',1806941268),(45,221,10,4,'http://holidayhawks.in/uploads/ramojifilmcity2.jpg',889376227),(46,222,10,4,'http://holidayhawks.in/uploads/18-Qutb-Shahi-tombs-heritage2.jpg',801137828),(47,222,10,4,'http://holidayhawks.in/uploads/hussain-sagar2.jpg',801137828),(52,363,7,4,'http://holidayhawks.in/uploads/himalayas-2990307_1920.jpg',566953336),(63,80,12,1,'http://holidayhawks.in/uploads/Meghalaya Banner.jpg',165678377),(64,80,12,1,'http://holidayhawks.in/uploads/sourabh-nilakhe-621553-unsplash.jpg',165678377),(65,80,12,1,'http://holidayhawks.in/uploads/clouds-cloudy-countryside-2360472.jpg',165678377),(68,83,12,1,'http://holidayhawks.in/uploads/clouds-cloudy-countryside-2360475.jpg',364859481),(72,389,13,1,'http://holidayhawks.in/uploads/alappuzha-774928_960_7203.jpg',1020813792),(78,389,13,1,'http://holidayhawks.in/uploads/water-3080147_960_7206.jpg',1020813792),(100,129,12,1,'http://holidayhawks.in/uploads/blog-single1.jpg',1452697335),(102,NULL,12,1,'http://holidayhawks.in/uploads/avatar1.jpg',585545212),(103,275,11,2,'http://holidayhawks.in/uploads/036.jpg',738782388),(104,275,11,2,'http://holidayhawks.in/uploads/026.jpg',738782388),(105,275,11,2,'http://holidayhawks.in/uploads/016.jpg',738782388),(106,276,11,2,'http://holidayhawks.in/uploads/027.jpg',1526721760),(107,276,11,2,'http://holidayhawks.in/uploads/017.jpg',1526721760),(108,NULL,12,1,'http://holidayhawks.in/uploads/clouds-cloudy-countryside-23604711.jpg',342615429),(109,NULL,12,1,'http://holidayhawks.in/uploads/clouds-cloudy-countryside-23604712.jpg',2109529307),(110,NULL,12,1,'http://holidayhawks.in/uploads/clouds-cloudy-countryside-23604713.jpg',632406452),(114,NULL,12,1,'http://holidayhawks.in/uploads/HAWK (4)1.jpg',813053094),(115,NULL,12,1,'http://holidayhawks.in/uploads/HAWK (4)2.jpg',1459202977),(122,391,14,1,'http://holidayhawks.in/uploads/WhatsApp Image 2018-09-06 at 9.46.16 PM.jpeg',1785450499),(124,394,14,1,'http://holidayhawks.in/uploads/Webp13.jpg',142958914),(128,159,15,1,'http://holidayhawks.in/uploads/img-142.jpg',1056179994),(129,159,15,1,'http://holidayhawks.in/uploads/img-171.jpg',1056179994),(130,159,15,1,'http://holidayhawks.in/uploads/img-251.jpg',1056179994),(131,160,15,1,'http://holidayhawks.in/uploads/WhatsApp Image 2018-09-12 at 102.jpeg',238799792),(132,160,15,1,'http://holidayhawks.in/uploads/WhatsApp Image 2018-09-12 at 103.jpeg',238799792),(133,160,15,1,'http://holidayhawks.in/uploads/WhatsApp Image 2018-09-12 at 104.jpeg',238799792),(134,161,15,1,'http://holidayhawks.in/uploads/WhatsApp Image 2018-06-19 at 2.01.06 PM.jpeg',229775305),(135,161,15,1,'http://holidayhawks.in/uploads/camel-gallery-7.jpg',229775305),(136,161,15,1,'http://holidayhawks.in/uploads/WhatsApp Image 2018-06-19 at 2.01.09 PM.jpeg',229775305),(137,162,15,1,'http://holidayhawks.in/uploads/114.jpg',1996434262),(138,162,15,1,'http://holidayhawks.in/uploads/121.jpg',1996434262),(139,162,15,1,'http://holidayhawks.in/uploads/63.jpg',1996434262),(140,163,15,1,'http://holidayhawks.in/uploads/20170602063322AMbruntonboatyardfromwater.jpg',607722901),(141,163,15,1,'http://holidayhawks.in/uploads/20170629084154AMBruntonBoatyard-About-Slider1.jpg',607722901),(142,163,15,1,'http://holidayhawks.in/uploads/20171014065958AMbruntonboatyard.jpg',607722901),(149,402,16,4,'http://holidayhawks.in/uploads/20170527184932PMSpiceVillage-bamboorafting.jpg',197172009),(154,172,17,3,'http://holidayhawks.in/uploads/474f2df0-4283-4cdb-af00-c9144a9b34ab.jpg',29807233),(155,172,17,3,'http://holidayhawks.in/uploads/nest41.jpg',29807233),(156,172,17,3,'http://holidayhawks.in/uploads/nest71.jpg',29807233),(159,173,17,3,'http://holidayhawks.in/uploads/nest81.jpg',1502004246),(160,173,17,3,'http://holidayhawks.in/uploads/nest10.jpg',1502004246),(161,173,17,3,'http://holidayhawks.in/uploads/nest12.jpg',1502004246),(162,174,18,3,'http://holidayhawks.in/uploads/j.jpg',657287339),(163,174,18,3,'http://holidayhawks.in/uploads/l.jpg',657287339),(164,174,18,3,'http://holidayhawks.in/uploads/q1.jpg',657287339),(165,175,18,3,'http://holidayhawks.in/uploads/nest82.jpg',525490841),(166,NULL,19,3,'http://holidayhawks.in/uploads/d2f46408-3ee4-4a87-8eb4-65f5003a02ae1.jpg',1661779239),(167,NULL,19,3,'http://holidayhawks.in/uploads/nest44.jpg',1661779239),(168,NULL,19,3,'http://holidayhawks.in/uploads/nest101.jpg',1661779239),(169,176,19,3,'http://holidayhawks.in/uploads/nest45.jpg',981156695),(170,176,19,3,'http://holidayhawks.in/uploads/nest62.jpg',981156695),(171,176,19,3,'http://holidayhawks.in/uploads/nest72.jpg',981156695),(172,177,19,3,'http://holidayhawks.in/uploads/nest-19.jpg',1272490765),(173,177,19,3,'http://holidayhawks.in/uploads/nest84.jpg',1272490765),(174,177,19,3,'http://holidayhawks.in/uploads/nest9.jpg',1272490765),(175,178,20,3,'http://holidayhawks.in/uploads/WhatsApp Image 2018-07-26 at 1.59.26 PM.jpeg',1951598671),(176,178,20,3,'http://holidayhawks.in/uploads/WhatsApp Image 2018-07-26 at 2.07.22 PM.jpeg',1951598671),(177,178,20,3,'http://holidayhawks.in/uploads/WhatsApp Image 2018-07-26 at 14.jpeg',1951598671),(178,178,20,3,'http://holidayhawks.in/uploads/WhatsApp Image 2018-07-26 at 1.59.03 PM.jpeg',1951598671),(179,179,20,3,'http://holidayhawks.in/uploads/WhatsApp Image 2018-07-26 at 15.jpeg',1310417332),(180,179,20,3,'http://holidayhawks.in/uploads/WhatsApp Image 2018-07-26 at 2.07.21 PM.jpeg',1310417332),(183,368,7,4,'http://holidayhawks.in/uploads/architecture-building-city-1098460.jpg',1666023046),(184,299,21,4,'http://holidayhawks.in/uploads/mountaineerz-1143552_19202.jpg',116298772),(187,302,21,4,'http://holidayhawks.in/uploads/adventure-beach-dawn-3821774.jpg',1305725311),(190,223,10,4,'http://holidayhawks.in/uploads/hussain-sagar3.jpg',1600495003),(191,223,10,4,'http://holidayhawks.in/uploads/18-Jagannath-Temple-divine.jpg',1600495003),(192,325,22,4,'http://holidayhawks.in/uploads/dal-3396109_19203.jpg',1931737148),(193,326,22,4,'http://holidayhawks.in/uploads/ladakh-16909_960_7201.jpg',1967503001),(196,329,22,4,'http://holidayhawks.in/uploads/sandy-178048_1280.jpg',972729604),(197,330,22,4,'http://holidayhawks.in/uploads/mountains-403641_1920.jpg',667207539),(198,327,22,4,'http://holidayhawks.in/uploads/ledakh2.jpg',654653273),(199,328,22,4,'http://holidayhawks.in/uploads/ladakh-489296_960_7203.jpg',2119641488),(200,280,11,2,'http://holidayhawks.in/uploads/party-min6.jpg',1050531245),(201,292,23,4,'http://holidayhawks.in/uploads/darjeeling-197611_960_7205.jpg',1736358018),(202,291,23,4,'http://holidayhawks.in/uploads/darjeeling-197611_960_7206.jpg',1757935075),(203,290,23,4,'http://holidayhawks.in/uploads/darjeeling-197611_960_7207.jpg',1285296472),(204,289,23,4,'http://holidayhawks.in/uploads/darjeeling-197611_960_7208.jpg',463386060),(205,288,23,4,'http://holidayhawks.in/uploads/darjeeling-197611_960_7209.jpg',1644516126),(206,287,23,4,'http://holidayhawks.in/uploads/darjeeling-197611_960_72010.jpg',656248256),(207,287,23,4,'http://holidayhawks.in/uploads/darjeeling-197611_960_72011.jpg',656248256),(208,363,7,4,'http://holidayhawks.in/uploads/Blog_Cover_01-1024x545.jpg',566953336),(209,364,7,4,'http://holidayhawks.in/uploads/manali-club-house.jpg',1547567952),(210,364,7,4,'http://holidayhawks.in/uploads/hidimba-temple-temple-kullu-manali-himachal-pradesh.jpg',1547567952),(211,364,7,4,'http://holidayhawks.in/uploads/tibetan-monastery-manali-ho-manali-tourist-attraction-3765fks.jpg',1547567952),(212,365,7,4,'http://holidayhawks.in/uploads/Snow Point.jpg',767425523),(213,365,7,4,'http://holidayhawks.in/uploads/manali-2035750_1920.jpg',767425523),(214,364,7,4,'http://holidayhawks.in/uploads/buddhism-1199993_1280.jpg',1547567952),(215,365,7,4,'http://holidayhawks.in/uploads/paragliding-3508540_1920.jpg',767425523),(216,366,7,4,'http://holidayhawks.in/uploads/kullu.jpg',148499657),(217,366,7,4,'http://holidayhawks.in/uploads/kullu-1158813_1280.jpg',148499657),(218,366,7,4,'http://holidayhawks.in/uploads/manali-1978065_1920.jpg',148499657),(219,366,7,4,'http://holidayhawks.in/uploads/river-rafting-960158_19202.jpg',148499657),(220,367,7,4,'http://holidayhawks.in/uploads/manali-by-road.jpg',222274539),(221,367,7,4,'http://holidayhawks.in/uploads/Shimla-Kullu-Manali1-960x1149.jpg',222274539),(222,299,21,4,'http://holidayhawks.in/uploads/kufri-1234728_19201.jpg',116298772),(223,299,21,4,'http://holidayhawks.in/uploads/manali-by-road1.jpg',116298772),(224,300,21,4,'http://holidayhawks.in/uploads/shimla-555897_1920.jpg',1296294827),(225,300,21,4,'http://holidayhawks.in/uploads/snow-2031259_19201.jpg',1296294827),(226,301,21,4,'http://holidayhawks.in/uploads/kullu1.jpg',624264190),(227,301,21,4,'http://holidayhawks.in/uploads/kullu-1158813_12801.jpg',624264190),(228,302,21,4,'http://holidayhawks.in/uploads/Snow Point1.jpg',1305725311),(229,303,21,4,'http://holidayhawks.in/uploads/tibetan-monastery-manali-ho-manali-tourist-attraction-3765fks1.jpg',511513649),(230,303,21,4,'http://holidayhawks.in/uploads/hidimba-temple-temple-kullu-manali-himachal-pradesh1.jpg',511513649),(231,303,21,4,'http://holidayhawks.in/uploads/buddhism-1199993_12801.jpg',511513649),(232,304,21,4,'http://holidayhawks.in/uploads/Shimla-Kullu-Manali1-960x11491.jpg',1965885647),(233,331,24,2,'http://holidayhawks.in/uploads/sansari camp day11.jpg',1706078131),(234,331,24,2,'http://holidayhawks.in/uploads/udaipur2-1.jpg',1706078131),(235,332,24,2,'http://holidayhawks.in/uploads/SUMER-TREK-TO-SANSAR banner1.jpg',909707756),(236,332,24,2,'http://holidayhawks.in/uploads/sansari day11.jpg',909707756),(237,333,24,2,'http://holidayhawks.in/uploads/traking-o-1.jpg',1637480801),(238,334,24,2,'http://holidayhawks.in/uploads/sansari day4.jpg',1519071984),(239,335,24,2,'http://holidayhawks.in/uploads/day5.jpg',1337742542),(240,345,25,2,'http://holidayhawks.in/uploads/day1.jpg',1196313487),(241,345,25,2,'http://holidayhawks.in/uploads/sonmarg day1.png',1196313487),(242,346,25,2,'http://holidayhawks.in/uploads/day2.jpg',696341223),(243,346,25,2,'http://holidayhawks.in/uploads/KGL-Ashwin-Gadsar-lake-Nature-at-its-best2.jpg',696341223),(244,347,25,2,'http://holidayhawks.in/uploads/day3.jpg',622556962),(245,348,25,2,'http://holidayhawks.in/uploads/day4.jpg',1739654932),(246,349,25,2,'http://holidayhawks.in/uploads/day51.jpg',1331528505),(248,351,25,2,'http://holidayhawks.in/uploads/day 7.jpg',695158646),(249,351,25,2,'http://holidayhawks.in/uploads/da77.png',695158646),(250,352,25,2,'http://holidayhawks.in/uploads/day81.jpg',588119485),(251,353,25,2,'http://holidayhawks.in/uploads/KGL-Ashwin-Gadsar-lake-Nature-at-its-best3.jpg',856781115),(252,350,25,2,'http://holidayhawks.in/uploads/day 62.jpg',1393030759),(253,354,26,2,'http://holidayhawks.in/uploads/Sangla-Valley day1.jpg',313886880),(254,354,26,2,'http://holidayhawks.in/uploads/day12.jpg',313886880),(255,355,26,2,'http://holidayhawks.in/uploads/Chitkul_-_JustWravel_(10)day2.jpg',1161512867),(256,355,26,2,'http://holidayhawks.in/uploads/day22.jpg',1161512867),(257,356,26,2,'http://holidayhawks.in/uploads/day32.jpg',95415456),(258,357,26,2,'http://holidayhawks.in/uploads/day41.jpg',1766581938),(259,356,26,2,'http://holidayhawks.in/uploads/nako-lake-one-of-the3.jpg',95415456),(260,358,26,2,'http://holidayhawks.in/uploads/Kaza-monastery-photoday5.jpg',1767918813),(261,358,26,2,'http://holidayhawks.in/uploads/day52.jpg',1767918813),(262,359,26,2,'http://holidayhawks.in/uploads/day6.jpg',210700848),(263,359,26,2,'http://holidayhawks.in/uploads/4540317192_911f88ba68_bday6.jpg',210700848),(264,360,26,2,'http://holidayhawks.in/uploads/day7.jpg',1450505803),(266,361,26,2,'http://holidayhawks.in/uploads/day8.webp',494340988),(267,361,26,2,'http://holidayhawks.in/uploads/manali7.jpg',494340988),(268,362,26,2,'http://holidayhawks.in/uploads/4540317192_911f88ba68_bday61.jpg',225672455),(270,375,6,1,'http://holidayhawks.in/uploads/Hornbill Campsite I Bitu Chetia I KITE MANJA.jpg',603008253),(271,376,6,1,'http://holidayhawks.in/uploads/DSC_0525.jpg',1911918050),(272,377,6,1,'http://holidayhawks.in/uploads/bitu chetia (8).jpg',283331489),(273,378,6,1,'http://holidayhawks.in/uploads/DSC_02431.jpg',1898492164),(274,374,6,1,'http://holidayhawks.in/uploads/Manash Chetia I KITE MANJA.jpg',844611333),(275,374,6,1,'http://holidayhawks.in/uploads/bitu chetia (2) (1).jpg',844611333),(277,375,6,1,'http://holidayhawks.in/uploads/Hornbill I Manash Chetia I KITE MANJA.jpg',603008253),(278,379,12,1,'http://holidayhawks.in/uploads/Day 1.jpg',754513532),(279,380,12,1,'http://holidayhawks.in/uploads/image_8897_1464265594.jpg',347207737),(280,381,12,1,'http://holidayhawks.in/uploads/2018032226-nnlh3dy55pg8kb8jj81gmmdbbph69re9btl36hq3f8.jpg',1544851111),(281,381,12,1,'http://holidayhawks.in/uploads/day24.jpg',1544851111),(282,382,12,1,'http://holidayhawks.in/uploads/20161118102230.jpg',190581934),(283,382,12,1,'http://holidayhawks.in/uploads/Thattekad-Tours-by-Vinod-Thattekad1.jpg',190581934),(284,382,12,1,'http://holidayhawks.in/uploads/bird+sanctuary1.jpg',190581934),(285,383,12,1,'http://holidayhawks.in/uploads/Kerala_Pooyamkutty2.jpg',205241511),(286,383,12,1,'http://holidayhawks.in/uploads/19825886830_d740da51a3_b1.jpg',205241511),(287,383,12,1,'http://holidayhawks.in/uploads/Trekking-Path.png',205241511),(288,381,12,1,'http://holidayhawks.in/uploads/image_4571_1464265372.jpg',1544851111),(289,384,13,1,'http://holidayhawks.in/uploads/bird+sanctuary3.jpg',375657532),(290,385,13,1,'http://holidayhawks.in/uploads/201611181022302.jpg',1413487754),(291,386,13,1,'http://holidayhawks.in/uploads/049130598Thekkady_Main1.jpg',2071395400),(292,387,13,1,'http://holidayhawks.in/uploads/20170527184932PMSpiceVillage-bamboorafting1.jpg',319758498),(293,388,13,1,'http://holidayhawks.in/uploads/139_aboutslider81.jpg',590135066),(294,388,13,1,'http://holidayhawks.in/uploads/20161225173551PMB53A6680abtsmallimage.jpg',590135066),(295,390,14,1,'http://holidayhawks.in/uploads/WhatsApp Image 2018-09-06 at 922.jpeg',1609625480),(296,391,14,1,'http://holidayhawks.in/uploads/WhatsApp Image 2018-09-06 at 923.jpeg',1785450499),(297,392,14,1,'http://holidayhawks.in/uploads/WhatsApp Image 2018-09-12 at 108.jpeg',883346689),(298,392,14,1,'http://holidayhawks.in/uploads/WhatsApp Image 2018-09-12 at 109.jpeg',883346689),(299,392,14,1,'http://holidayhawks.in/uploads/WhatsApp Image 2018-09-12 at 10.31.50 PM.jpeg',883346689),(300,393,14,1,'http://holidayhawks.in/uploads/Camping-at-vagamon-view.jpg',1767003866),(301,390,14,1,'http://holidayhawks.in/uploads/94560529.jpg',1609625480),(302,392,14,1,'http://holidayhawks.in/uploads/WhatsApp Image 2018-09-12 at 1010.jpeg',883346689),(303,400,16,4,'http://holidayhawks.in/uploads/maxresdefault1.jpg',2028104844),(304,400,16,4,'http://holidayhawks.in/uploads/maxresdefault4.jpg',2028104844),(305,400,16,4,'http://holidayhawks.in/uploads/destination3.jpg',2028104844),(306,401,16,4,'http://holidayhawks.in/uploads/destination1.jpg',901488848),(307,401,16,4,'http://holidayhawks.in/uploads/destination21.jpg',901488848),(308,402,16,4,'http://holidayhawks.in/uploads/049130598Thekkady_Main3.jpg',197172009),(309,402,16,4,'http://holidayhawks.in/uploads/1_(Copy).jpg.jpg',197172009),(310,403,16,4,'http://holidayhawks.in/uploads/water-3080147_960_7207.jpg',687748363),(311,403,16,4,'http://holidayhawks.in/uploads/139_aboutslider82.jpg',687748363),(312,403,16,4,'http://holidayhawks.in/uploads/food-alappuzha.jpg',687748363),(313,404,16,4,'http://holidayhawks.in/uploads/image_4571_14642653721.jpg',862654692),(314,406,28,3,'http://holidayhawks.in/uploads/1133631241.jpg',358590591),(315,406,28,3,'http://holidayhawks.in/uploads/1445273402.jpg',358590591),(316,406,28,3,'http://holidayhawks.in/uploads/1445301951.jpg',358590591),(317,406,28,3,'http://holidayhawks.in/uploads/387738681.jpg',358590591),(318,406,28,3,'http://holidayhawks.in/uploads/387738701.jpg',358590591),(319,406,28,3,'http://holidayhawks.in/uploads/387738742.jpg',358590591);
/*!40000 ALTER TABLE `tbl_pkg_category_itn_images` ENABLE KEYS */;
UNLOCK TABLES;

--
-- Table structure for table `tbl_pkg_text`
--

DROP TABLE IF EXISTS `tbl_pkg_text`;
/*!40101 SET @saved_cs_client     = @@character_set_client */;
/*!40101 SET character_set_client = utf8 */;
CREATE TABLE `tbl_pkg_text` (
  `id` int(11) NOT NULL AUTO_INCREMENT,
  `title` varchar(2000) DEFAULT NULL,
  `descr` varchar(2000) DEFAULT NULL,
  `hand_picked_desc` varchar(2000) DEFAULT NULL,
  `exp_desc` varchar(2000) DEFAULT NULL,
  `act_desc` varchar(2000) DEFAULT NULL,
  `type` varchar(20) DEFAULT NULL,
  PRIMARY KEY (`id`)
) ENGINE=InnoDB AUTO_INCREMENT=5 DEFAULT CHARSET=latin1;
/*!40101 SET character_set_client = @saved_cs_client */;

--
-- Dumping data for table `tbl_pkg_text`
--

LOCK TABLES `tbl_pkg_text` WRITE;
/*!40000 ALTER TABLE `tbl_pkg_text` DISABLE KEYS */;
INSERT INTO `tbl_pkg_text` VALUES (2,'Handpicked Destinations','','Feel the comfort of being in a total holiday without any worries and select from our range of hand crafted holiday packages by our experts','Stays in Munnar is as unique as the destination itself. When its the experiential stays , experience is exponential !!. Explore the best of the stays here.','Munnar is the adventure showcase of Kerala. From light treks to Paragliding, it has a very broad range of activities to choose from.Select..Book.. and experience something new..','destination'),(3,'Exp staysdsfdsf','dsfsdvc   sdfsdf',NULL,'wonderful stays',NULL,'exp_stays'),(4,'sdfsddsf sdfsdfdfdsf fdsf','fsdfdsf',NULL,NULL,'Sed est nisi, condimentum dignissim auctor ac, pellentesque at dolor. Sed est lectus, tristique faucibus lacinia rhoncus, suscipit pellentesque quam. Proin euismod aliquam nulla, eu tincidunt massa feugiat in. Quisque lorem nunc, porta ut leo sed, commodo laoreet sem. Donec ut quam ligula.','act');
/*!40000 ALTER TABLE `tbl_pkg_text` ENABLE KEYS */;
UNLOCK TABLES;

--
-- Table structure for table `tbl_topmenu`
--

DROP TABLE IF EXISTS `tbl_topmenu`;
/*!40101 SET @saved_cs_client     = @@character_set_client */;
/*!40101 SET character_set_client = utf8 */;
CREATE TABLE `tbl_topmenu` (
  `id` int(11) NOT NULL AUTO_INCREMENT,
  `name` varchar(500) DEFAULT NULL,
  `url` varchar(100) NOT NULL,
  `node_order` int(11) DEFAULT NULL,
  PRIMARY KEY (`id`)
) ENGINE=InnoDB AUTO_INCREMENT=10 DEFAULT CHARSET=latin1;
/*!40101 SET character_set_client = @saved_cs_client */;

--
-- Dumping data for table `tbl_topmenu`
--

LOCK TABLES `tbl_topmenu` WRITE;
/*!40000 ALTER TABLE `tbl_topmenu` DISABLE KEYS */;
INSERT INTO `tbl_topmenu` VALUES (1,'Home','home',1),(6,'Trip','page/index/28',2),(9,'test','page/index/28',3);
/*!40000 ALTER TABLE `tbl_topmenu` ENABLE KEYS */;
UNLOCK TABLES;

--
-- Table structure for table `tbl_user`
--

DROP TABLE IF EXISTS `tbl_user`;
/*!40101 SET @saved_cs_client     = @@character_set_client */;
/*!40101 SET character_set_client = utf8 */;
CREATE TABLE `tbl_user` (
  `id` int(11) NOT NULL AUTO_INCREMENT,
  `email` varchar(100) NOT NULL,
  `pswd` varchar(100) NOT NULL,
  `name` varchar(100) NOT NULL,
  PRIMARY KEY (`id`)
) ENGINE=InnoDB AUTO_INCREMENT=2 DEFAULT CHARSET=latin1;
/*!40101 SET character_set_client = @saved_cs_client */;

--
-- Dumping data for table `tbl_user`
--

LOCK TABLES `tbl_user` WRITE;
/*!40000 ALTER TABLE `tbl_user` DISABLE KEYS */;
INSERT INTO `tbl_user` VALUES (1,'amjad@holidayhawks.in','0192023a7bbd73250516f069df18b500','Admin');
/*!40000 ALTER TABLE `tbl_user` ENABLE KEYS */;
UNLOCK TABLES;

--
-- Table structure for table `tbl_vectors`
--

DROP TABLE IF EXISTS `tbl_vectors`;
/*!40101 SET @saved_cs_client     = @@character_set_client */;
/*!40101 SET character_set_client = utf8 */;
CREATE TABLE `tbl_vectors` (
  `id` int(11) NOT NULL AUTO_INCREMENT,
  `img` varchar(2000) DEFAULT NULL,
  `name` varchar(5000) DEFAULT NULL,
  `link` varchar(5000) DEFAULT NULL,
  `node_order` int(11) NOT NULL,
  PRIMARY KEY (`id`)
) ENGINE=InnoDB AUTO_INCREMENT=8 DEFAULT CHARSET=latin1;
/*!40101 SET character_set_client = @saved_cs_client */;

--
-- Dumping data for table `tbl_vectors`
--

LOCK TABLES `tbl_vectors` WRITE;
/*!40000 ALTER TABLE `tbl_vectors` DISABLE KEYS */;
INSERT INTO `tbl_vectors` VALUES (1,'http://localhost/holiday/uploads/icon-02.png','Experiential stays','experiential-stays',3),(2,'http://holidayhawks.in/uploads/icon-02.png','Adventure trails','activities',2),(3,'http://localhost/holiday/uploads/icon-07.png','Family funs','popular-packages/WEEKEND-PLANS',4),(4,'http://localhost/holiday/uploads/icon-071.png','Ayurvedic experience','popular-packages/CORPORATE-LEISURE',5),(5,'http://localhost/holiday/uploads/icon-01.png','Wellness tours','popular-packages/CORPORATE-LEISURE',6),(6,'http://holidayhawks.in/uploads/icon-01.png','Experiential packages','experiential-stays',1),(7,'http://localhost/holiday/uploads/icon-03.png','Day tours','popular-packages/POPULAR-PACKAGES',7);
/*!40000 ALTER TABLE `tbl_vectors` ENABLE KEYS */;
UNLOCK TABLES;
/*!40103 SET TIME_ZONE=@OLD_TIME_ZONE */;

/*!40101 SET SQL_MODE=@OLD_SQL_MODE */;
/*!40014 SET FOREIGN_KEY_CHECKS=@OLD_FOREIGN_KEY_CHECKS */;
/*!40014 SET UNIQUE_CHECKS=@OLD_UNIQUE_CHECKS */;
/*!40101 SET CHARACTER_SET_CLIENT=@OLD_CHARACTER_SET_CLIENT */;
/*!40101 SET CHARACTER_SET_RESULTS=@OLD_CHARACTER_SET_RESULTS */;
/*!40101 SET COLLATION_CONNECTION=@OLD_COLLATION_CONNECTION */;
/*!40111 SET SQL_NOTES=@OLD_SQL_NOTES */;

-- Dump completed on 2019-01-08  6:46:19
